/*!40101 SET @OLD_CHARACTER_SET_CLIENT=@@CHARACTER_SET_CLIENT */;
/*!40101 SET NAMES utf8 */;
/*!50503 SET NAMES utf8mb4 */;
/*!40103 SET @OLD_TIME_ZONE=@@TIME_ZONE */;
/*!40103 SET TIME_ZONE='+00:00' */;
/*!40014 SET @OLD_FOREIGN_KEY_CHECKS=@@FOREIGN_KEY_CHECKS, FOREIGN_KEY_CHECKS=0 */;
/*!40101 SET @OLD_SQL_MODE=@@SQL_MODE, SQL_MODE='NO_AUTO_VALUE_ON_ZERO' */;
/*!40111 SET @OLD_SQL_NOTES=@@SQL_NOTES, SQL_NOTES=0 */;

CREATE DATABASE IF NOT EXISTS `youtube_top100_2025` /*!40100 DEFAULT CHARACTER SET utf8mb4 COLLATE utf8mb4_general_ci */;
USE `youtube_top100_2025`;

CREATE TABLE IF NOT EXISTS `categories` (
  `id` int(11) NOT NULL AUTO_INCREMENT,
  `name` varchar(255) NOT NULL,
  PRIMARY KEY (`id`),
  UNIQUE KEY `name` (`name`)
) ENGINE=InnoDB AUTO_INCREMENT=3 DEFAULT CHARSET=utf8mb4 COLLATE=utf8mb4_general_ci;

INSERT INTO `categories` (`id`, `name`) VALUES
	(1, 'Music'),
	(2, 'People & Blogs');

CREATE TABLE IF NOT EXISTS `channels` (
  `id` int(11) NOT NULL AUTO_INCREMENT,
  `name` varchar(255) NOT NULL,
  `url` varchar(500) DEFAULT NULL,
  `follower_count` bigint(20) DEFAULT NULL,
  PRIMARY KEY (`id`),
  UNIQUE KEY `name` (`name`)
) ENGINE=InnoDB AUTO_INCREMENT=66 DEFAULT CHARSET=utf8mb4 COLLATE=utf8mb4_general_ci;

INSERT INTO `channels` (`id`, `name`, `url`, `follower_count`) VALUES
	(1, 'ROSÉ', 'https://www.youtube.com/channel/UCBo1hnzxV9rz3WVsv__Rn1g', 19200000),
	(2, 'Lady Gaga', 'https://www.youtube.com/channel/UC07Kxew-cMIaykMOkzqHtBQ', 29600000),
	(3, 'Reneé Rapp', 'https://www.youtube.com/channel/UCZy4ki_L4bzw9LdJ1TgQy6Q', 408000),
	(4, 'Billie Eilish', 'https://www.youtube.com/channel/UCDGmojLIoWpXok597xYo8cg', 56800000),
	(5, 'Sabrina Carpenter', 'https://www.youtube.com/channel/UC4mYKePIas5YgGfYZ2J2OxQ', 12300000),
	(6, 'Ed Sheeran', 'https://www.youtube.com/channel/UC0C-w0YjGpqDXGB8IHb662A', 58500000),
	(7, 'yung kai', 'https://www.youtube.com/channel/UCy1FLad-XXw7QZGNuNIuMow', 1220000),
	(8, 'Zillionaire Doe ', 'https://www.youtube.com/channel/UCbVdo2e1hDYR95X53ttMbTg', 142000),
	(9, 'Alex Warren', 'https://www.youtube.com/channel/UCX2Pm1JoWF3chsVOR9e1hbQ', 4050000),
	(10, 'Kendrick Lamar', 'https://www.youtube.com/channel/UC3lBXcrKFnFAFkfVk5WuKcQ', 19700000),
	(11, 'Shaboozey', 'https://www.youtube.com/channel/UCmdsVknXGS2145yy8eQvplw', 955000),
	(12, 'LLOUD Official', 'https://www.youtube.com/channel/UC6-BgjsBa5R3PZQ_kZ8hKPg', 8080000),
	(13, 'C\'zah', 'https://www.youtube.com/channel/UCrhnxJJV7DZfpbHh4iWjHNQ', 1320),
	(14, 'Lola Young', 'https://www.youtube.com/channel/UCl1xqndU6q93JAwny39BmHw', 565000),
	(15, 'Teddy Swims', 'https://www.youtube.com/channel/UCb-ikMqe9iS8GjG7WgGwCrQ', 6070000),
	(16, 'JENNIE', 'https://www.youtube.com/channel/UCN9_L9lA9kqJbGANLRus_1A', 16100000),
	(17, 'S.M.I.R Seattle Music Is Real', 'https://www.youtube.com/channel/UCPBBdCqnlw2C0iCZfu5gbIw', 14800),
	(18, 'Tommy Richman', 'https://www.youtube.com/channel/UC7eumlwt8zpmN5ECgjlJS4A', 655000),
	(19, 'Doechii', 'https://www.youtube.com/channel/UC9bzTEvPeXjS6uyirHHRIvw', 3140000),
	(20, 'keinemusik', 'https://www.youtube.com/channel/UCYzx8QoAiRb69fEgyBInAug', 255000),
	(21, 'NIICKII', 'https://www.youtube.com/channel/UChcyluLsfj0geOTyuFbakEg', 47),
	(22, 'Post Malone', 'https://www.youtube.com/channel/UCOhtMAg7xh8wv_wUHMgFc-Q', 28400000),
	(23, 'Gracie Abrams', 'https://www.youtube.com/channel/UCVFRVXH1hRoWkmpKCRmLMiQ', 1770000),
	(24, 'Chxnny', 'https://www.youtube.com/channel/UCcA274LONuELr75YPaWi1-g', 3630),
	(25, 'Sevdaliza', 'https://www.youtube.com/channel/UCONnf7g7QfOqzM3etLECtUA', 1230000),
	(26, 'Myles Smith', 'https://www.youtube.com/channel/UCZfbjzBfq81Dt1Fvrnbsj5w', 391000),
	(27, 'ROLE MODEL', 'https://www.youtube.com/channel/UC09LoQMXJ0hwdTkJwQLGW7Q', 360000),
	(28, 'Chappell Roan', 'https://www.youtube.com/channel/UCBoNpX06hjs3_ASFftQEmww', 2250000),
	(29, 'PJ', 'https://www.youtube.com/channel/UCjjl1CZ1tflymx1cWnBJ8oQ', 32000),
	(30, 'sombr', 'https://www.youtube.com/channel/UCXlqFQmZZOb78teSnAqhuwA', 616000),
	(31, 'Jackson Wang', 'https://www.youtube.com/channel/UCJS0K01yC8BmQtSuRdqqo3w', 5350000),
	(32, 'David Guetta', 'https://www.youtube.com/channel/UC1l7wYrva1qCH-wgqcHaaRg', 27600000),
	(33, 'The Weeknd', 'https://www.youtube.com/channel/UCF_fDSgPpBQuh1MsUTgIARQ', 38700000),
	(34, 'RAAHiiM', 'https://www.youtube.com/channel/UCWhdB4GqozqTpluGfZgZ_qQ', 16100),
	(35, 'Drake', 'https://www.youtube.com/channel/UCQznUf1SjfDqx65hX3zRDiA', 31500000),
	(36, 'Tate McRae', 'https://www.youtube.com/channel/UC-yW8iz7ICKv_bhuxLtcJaw', 6320000),
	(37, 'GIVĒON', 'https://www.youtube.com/channel/UCa3ZoB87QoSaLM0qODmrMfA', 3330000),
	(38, 'Benson Boone', 'https://www.youtube.com/channel/UCvILah8hAWYhYOmAG3ZjvBA', 5360000),
	(39, 'Charli xcx', 'https://www.youtube.com/channel/UCOvEMf00DnwdkpOCRWdc6uA', 3900000),
	(40, 'Roy Woods', 'https://www.youtube.com/channel/UCN_uuL0yjn9H5fnFqpo2S1w', 297000),
	(41, 'Maroon 5', 'https://www.youtube.com/channel/UCN1hnUccO4FD5WfM7ithXaw', 37800000),
	(42, 'Dean Lewis', 'https://www.youtube.com/channel/UCCsEkPFtMYnfQoTenSsur-w', 2680000),
	(43, 'Taylor Swift', 'https://www.youtube.com/channel/UCqECaJ8Gagnn7YCbPEzWH6g', 61500000),
	(44, 'Vex Prince', 'https://www.youtube.com/channel/UCUOJHORC9aycl9Tb2O4EKag', 6100),
	(45, 'd4vd', 'https://www.youtube.com/channel/UCSQ-IY_3aVGlPQp_QJl3-Yg', 2220000),
	(46, 'Damiano David', 'https://www.youtube.com/channel/UCcEJwxURVimfFFhBFSfgpQw', 514000),
	(47, 'DGB Media', 'https://www.youtube.com/channel/UC8kf66DpkoHiPlpylPuXMqw', 605000),
	(48, 'SHOOP', 'https://www.youtube.com/channel/UCWT8LeR0mwoqoDbKeMmgxyQ', 43),
	(49, 'Miley Cyrus', 'https://www.youtube.com/channel/UCdI8evszfZvyAl2UVCypkTA', 19900000),
	(50, 'Ravyn Lenae', 'https://www.youtube.com/channel/UCtgNg5yxCyfjEE7Q7KeSmBw', 203000),
	(51, 'Claudia Valentina', 'https://www.youtube.com/channel/UCzcy-EepQ3Snt-twOTZ4hgg', 23900),
	(52, 'Tyla', 'https://www.youtube.com/channel/UCr2xjaS7CIx1OY7hYwrXb8A', 5070000),
	(53, 'Coldplay', 'https://www.youtube.com/channel/UCDPM_n1atn2ijUwHd0NNRQw', 28100000),
	(54, 'Insãne Shinobi', 'https://www.youtube.com/channel/UCgsFH_OLVCcqzIfR8N6Ka9Q', 1200),
	(55, 'ImagineDragons', 'https://www.youtube.com/channel/UCpx_k19S2vUutWUUM9qmXEg', 32900000),
	(56, 'Justin Bieber', 'https://www.youtube.com/channel/UCHkj014U2CQ2Nv0UZeYpE_A', 76200000),
	(57, 'Dua Lipa', 'https://www.youtube.com/channel/UC-J-KZfRV8c13fOCkhXdLiQ', 24400000),
	(58, 'Addison Rae', 'https://www.youtube.com/channel/UC3Cs0kPcr0GQPCVzX32NQPg', 4350000),
	(59, 'RyanCollinsVEVO', 'https://www.youtube.com/channel/UC3_qhEitTtkh2PJGvtZLsZA', 1),
	(60, 'keshi', 'https://www.youtube.com/channel/UCuCRWL0H5WnXmPBJ3JdbVLA', 1900000),
	(61, 'Ariana Grande', 'https://www.youtube.com/channel/UC0VOyT2OCBKdQhF3BAbZ-1g', 56400000),
	(62, 'Maz Univerze', 'https://www.youtube.com/channel/UCLQxyu1bZW4E4Y0KJf4o8UQ', 2120),
	(63, 'Selena Gomez', 'https://www.youtube.com/channel/UCjK8ORC71kwyj1DWFwril_A', 35500000),
	(64, 'HoodTrophy Bino', 'https://www.youtube.com/channel/UCsaZi3QZrZ5-skEIPPNrV_w', 20300),
	(65, 'Sean Paul', 'https://www.youtube.com/channel/UCkdc7gHpavxpgGalxKbgSHA', 5200000);

CREATE TABLE IF NOT EXISTS `songs` (
  `id` int(11) NOT NULL AUTO_INCREMENT,
  `title` varchar(255) NOT NULL,
  `fulltitle` varchar(500) DEFAULT NULL,
  `description` text DEFAULT NULL,
  `view_count` bigint(20) DEFAULT NULL,
  `duration` int(11) DEFAULT NULL,
  `duration_string` varchar(50) DEFAULT NULL,
  `live_status` varchar(50) DEFAULT NULL,
  `channel_id` int(11) DEFAULT NULL,
  `thumbnail_id` int(11) DEFAULT NULL,
  PRIMARY KEY (`id`),
  KEY `channel_id` (`channel_id`),
  KEY `thumbnail_id` (`thumbnail_id`),
  CONSTRAINT `songs_ibfk_1` FOREIGN KEY (`channel_id`) REFERENCES `channels` (`id`),
  CONSTRAINT `songs_ibfk_2` FOREIGN KEY (`thumbnail_id`) REFERENCES `thumbnails` (`id`)
) ENGINE=InnoDB AUTO_INCREMENT=101 DEFAULT CHARSET=utf8mb4 COLLATE=utf8mb4_general_ci;

INSERT INTO `songs` (`id`, `title`, `fulltitle`, `description`, `view_count`, `duration`, `duration_string`, `live_status`, `channel_id`, `thumbnail_id`) VALUES
	(1, 'ROSÉ & Bruno Mars - APT. (Official Music Video)', 'ROSÉ & Bruno Mars - APT. (Official Music Video)', 'ROSÉ & Bruno Mars - APT.\nDownload/stream: https://rosesarerosie.lnk.to/APTID\n\nOrder APT. single CD: https://rosesarerosie.lnk.to/APT-CDID\n\n\'rosie\' - the first studio album by ROSÉ - out now\ndownload/stream: http://rosesarerosie.lnk.to/rosieID\n\nROSÉ store exclusive \'rosie\' vinyl, cd\'s, and more available now: http://rosesarerosie.lnk.to/storeID\n\nFollow ROSÉ:\nhttps://www.instagram.com/roses_are_rosie\nhttps://www.tiktok.com/@roses_are_rosie \nhttps://x.com/numberonehq\nhttps://www.facebook.com/rosesarerosieofficial\nhttps://www.rosesarerosie.com/\n\nFollow Bruno Mars:\nhttps://www.instagram.com/brunomars\nhttps://www.tiktok.com/@brunomars\nhttps://twitter.com/brunomars\nhttps://www.facebook.com/brunomars\nhttps://www.brunomars.com/\n\nLyrics: \n아파트 아파트 \n아파트 아파트 \n아파트 아파트 \nUh, uh huh uh huh\n\n아파트 아파트 \n아파트 아파트 \n아파트 아파트 \nUh, uh huh uh huh\n\nKissy face, kissy face\nSent to your phone but,\nI\'m trying to kiss your lips for real\nRed hearts, red hearts\nThat’s what I’m on yeah\nCome give me something I can feel\nOh oh oh\nDon\'t you want me like I want you, baby \nDon\'t you need me like I need you now \nSleep tomorrow but tonight go crazy\nAll you gotta do is just meet me at the\n\n아파트 아파트 \n아파트 아파트 \n아파트 아파트 \nUh, uh huh uh huh\n\n아파트 아파트 \n아파트 아파트\n아파트 아파트\nUh, uh huh uh huh\n\nIt’s whatever it’s whatever it’s whatever you like\nTurn this 아파트 into a club\nI’m talking drink, dance, smoke, freak, party all night \n건배 건배 girl what’s up\nOh oh oh\nDon\'t you want me like I want you, baby\nDon\'t you need me like I need you now\nSleep tomorrow but tonight go crazy\nAll you gotta do is just meet me at the\n\n아파트 아파트 \n아파트 아파트 \n아파트 아파트 \nUh, uh huh uh huh\n\n아파트 아파트 \n아파트 아파트 \n아파트 아파트 \nUh, uh huh uh huh\n\nHey so now you know the game Are you ready?\nCause I’m comin to get ya\nGet ya, get ya\nHold on, hold on\nI’m on my way\nYeah yeah yeah yeah yeah\n\nI’m on my way\nHold on, hold on\nI’m on my way\nYeah yeah yeah yeah yeah I’m on my way\nDon\'t you want me like I want you, baby \nDon\'t you need me like I need you now \nSleep tomorrow but tonight go crazy \nAll you gotta do is just meet me at the\n\n아파트 아파트 \n아파트 아파트 \n아파트 아파트 \nJust meet me at the (Uh huh uh huh)\n\n아파트 아파트 \n아파트 아파트 \n아파트 아파트 \nJust meet me at the (Uh huh uh huh) \n\n아파트 아파트 \n아파트 아파트 \n아파트 아파트 \nJust meet me at the (Uh huh uh huh)\n\n아파트 아파트 \n아파트 아파트\n\n아파트 아파트\nUh, uh huh uh huh\n\n#ROSÉ_BRUNO_APT #APT #ROSÉ #BrunoMars #MusicVideo', 2009014557, 173, '2:53', 'False', 1, 1),
	(2, 'Lady Gaga, Bruno Mars - Die With A Smile (Official Music Video)', 'Lady Gaga, Bruno Mars - Die With A Smile (Official Music Video)', 'MAYHEM OUT NOW\nhttp://ladygaga.com \n \nListen to “Die With A Smile”, song and video out now: http://GagaMars.lnk.to/DieWithASmile \n \nDirected by Daniel Ramos & Bruno Mars\n \nFollow Lady Gaga: \nFacebook: https://www.facebook.com/ladygaga  \nInstagram: https://www.instagram.com/ladygaga  \nTikTok: https://www.tiktok.com/@ladygaga  \nTwitter: https://twitter.com/ladygaga   \nYouTube: https://www.youtube.com/ladygaga     \nWebsite: https://www.ladygaga.com     \n \nFollow Bruno Mars: \nFacebook: https://www.facebook.com/brunomars/ \nInstagram: https://www.instagram.com/brunomars \nTwitter: https://x.com/brunomars \nTikTok:  https://www.tiktok.com/@brunomars \nYouTube: https://www.youtube.com/brunomars     \nWebsite: https://www.brunomars.com/ \nOfficial Store: https://brunomars.lnk.to/shop \n\nMusic video by Lady Gaga, Bruno Mars performing Die With A Smile.© 2024 Interscope Records', 1324833300, 252, '4:12', 'False', 2, 2),
	(3, 'Reneé Rapp - Leave Me Alone (Official Music Video)', 'Reneé Rapp - Leave Me Alone (Official Music Video)', 'Listen to “BITE ME”, the new album from Reneé Rapp, out now: http://ReneeRapp.lnk.to/BITEME \n\nGet tickets to the BITE ME TOUR: http://reneerapp.com/tour \n \nFollow Reneé Rapp:\nTikTok: https://www.tiktok.com/@reneerapp\nInstagram: https://www.instagram.com/reneerapp\nTwitter: https://www.twitter.com/reneerapp\nFacebook: https://www.facebook.com/reneemjrapp\nWebsite: https://www.reneerapp.com\n \nhttp://BITE.ME', 2536628, 160, '2:40', 'False', 3, 3),
	(4, 'Billie Eilish - BIRDS OF A FEATHER (Official Music Video)', 'Billie Eilish - BIRDS OF A FEATHER (Official Music Video)', 'Listen to HIT ME HARD AND SOFT: https://billieeilish.lnk.to/HITMEHARDANDSOFT \nDownload BIRDS OF A FEATHER Live from Billie’s Amazon Music Songline performance: https://billieeilish.lnk.to/BIRDSOFAFEATHER-AMAZONDOWNLOAD\nGet tickets: https://BillieEilish.lnk.to/TourDates \n\n Follow Billie Eilish: \n\nTikTok: https://BillieEilish.lnk.to/TikTok \nInstagram: https://BillieEilish.lnk.to/Instagram \nFacebook: https://BillieEilish.lnk.to/Facebook \nTwitter: https://BillieEilish.lnk.to/Twitter \nYouTube: https://www.youtube.com/billieeilish\nWhatsApp: https://BillieEilish.lnk.to/WhatsApp \nEmail: https://BillieEilish.lnk.to/SignUp \nStore: https://BillieEilish.lnk.to/Store \nCell: +1 (310) 807-3956\n\nMusic video by Billie Eilish performing BIRDS OF A FEATHER.© 2024 Darkroom/Interscope Records', 558329099, 231, '3:51', 'False', 4, 4),
	(5, 'Reneé Rapp - Mad (Official Music Video)', 'Reneé Rapp - Mad (Official Music Video)', 'Listen to “BITE ME”, the new album from Reneé Rapp, out now: http://ReneeRapp.lnk.to/BITEME \n\nGet tickets to the BITE ME Tour: http://reneerapp.com/tour\n\nFollow Reneé Rapp:\nTikTok: https://www.tiktok.com/@reneerapp\nInstagram: https://www.instagram.com/reneerapp\nTwitter: https://twitter.com/reneerapp\nFacebook: https://www.facebook.com/reneemjrapp\nWebsite: https://www.reneerapp.com\n\nDirected by Luke Orlando\nStarring Reneé Rapp & Alexandra Shipp\n\nProduction Company EXGF\nExecutive Producer Nance Messineo\nExecutive Producer Cole Santiago \nProducer Ellie Loarca\nProduction Manager Meredith Kurey\nProduction Coordinator Naomi Zariza\n1st Assistant Director Tasha Petty\nLabel Interscope\nDirector Representation Cheyenne Cody of Lark Creative\n\nEditor Seth Ponzo of Turbine Post\nColor Brian Charles\nVFX Ben Kadie\n\nDirector of Photography Zayd Ezzeldine\nB Camera Operator Sebastian Plaza\n1st AC Chris Powers\n2nd AC Carolina Thompson\nDIT Kohl Bass\n\nReneé Rapp Stylist Kate Li\nReneé Rapp Makeup Artist Loren Canby\nReneé Rapp Hair Stylist Marissa Marino\nAlexandra Shipp & Background Stylist Lisa Catalina Aliberti\nAlexandra Shipp Makeup Artist Dana Delaney\nAlexandra Shipp Hair Stylist Miles Jeffries\nGaffer Monty Sloan\nBBE Emma Barda\nElectric Miguel Escalona\nElectric Jesse Lee\nElectric Micah Goldfarb\n\nKey Grip Brad Powers\nBBG Valfrie Tabian Jr.\nGrip Ezra Graye\nGrip Simeon Mihaylov\nGrip Nicholas Luna \n\nProduction Designer Leo Johnson\nProp Master Anjelica Vasquez\nSet Decorator Zoe Hazlatt\nLeadman Hank Kulesa\nLead Assist David Ruiz\nSFX Cristian Torres\nSFX Arni Peterson\nStunt Coordinator Rob Brown - I Am Water Stunts \nVFX Supervisor Ben Kadie\n\nCasting Director Nele Moens\nSound Tyler Lydell\n\nProduction Support\nTatum Blake\nAaron Brumback\nPreston Oliver\nKylia Azevedo\nBrandon Rook\nTyler Borchardt\nRyan Hall\nVernon Davis\nSean Okawa\n\nCAST \nCharity Brown \nLiborio Moreno\nBriana King \nAlyssa Lytle \nIan Lucas\nMckayla Chandler\nMicah Gabriel \nJonathan Mendoza \nParish Helena \nOli Andersson\n\nMusic video by Reneé Rapp performing Mad.© 2025 Interscope Records', 2113548, 180, '3:00', 'False', 3, 5),
	(6, 'Sabrina Carpenter - Espresso', 'Sabrina Carpenter - Espresso', 'Music video by Sabrina Carpenter performing Espresso.© 2024 Island Records, a division of UMG Recordings, Inc.', 472570966, 201, '3:21', 'False', 5, 6),
	(7, 'Lady Gaga - Abracadabra (Official Music Video)', 'Lady Gaga - Abracadabra (Official Music Video)', 'MAYHEM OUT NOW\nhttp://ladygaga.com\n \nDirected by Lady Gaga, Parris Goebel and Bethany Vargas\n \nFollow Lady Gaga:\nFacebook: https://www.facebook.com/ladygaga\nInstagram: https://www.instagram.com/ladygaga\nTikTok: https://www.tiktok.com/@ladygaga\nTwitter: https://twitter.com/ladygaga\nYouTube: https://www.youtube.com/ladygaga\nWebsite: https://www.ladygaga.com\n\nMusic video by Lady Gaga performing Abracadabra.© 2025 Interscope Records', 191073418, 269, '4:29', 'False', 2, 7),
	(8, 'Ed Sheeran - Sapphire (Official Music Video)', 'Ed Sheeran - Sapphire (Official Music Video)', 'Listen to \'Sapphire\' now: https://es.lnk.to/sapphireID\n\n"Sapphire was the first song I finished for Play that made me know where the album was heading. It\'s why I finished the recording process in Goa surrounded by some of the best musicians in India. It was an incredible creative process. I shot the music video with Liam Pethick and Nic Minns across my India tour earlier this year, we wanted to showcase the beauty and breadth of the country and its culture. The final jigsaw piece for me was getting @Official_ArijitSingh on the record, but it was a journey to get there and such an amazing day of music and family. Me and him have done a full Punjabi version of the song that will come out in the next few weeks, which has a lot more of him on it. This is the album version of the song, and my favourite song on the album. Hope you guys love it. Sapphire out now" - Ed x\n\nBrand new album \'Play\' out now: https://es.lnk.to/play\n\nSapphire - Behind the Scenes Google Map: https://es.lnk.to/SapphireMapDE\n\nSubscribe to Ed\'s channel: http://bit.ly/SubscribeToEdSheeran\n\nFollow Ed on...\nInstagram: http://instagram.com/teddysphotos\nTikTok: https://www.tiktok.com/@edsheeran\nFacebook: http://www.facebook.com/EdSheeranMusic\nTwitter: http://twitter.com/edsheeran\nDiscord: http://discord.gg/edsheeran\nOfficial Website: http://edsheeran.com\n\nCredits\nDirector: Liam Pethick @liampethickphoto\nProducer & Commissioner:  Dan Curwin @dancurwin\nDOP: Nic Minns @nicminns\nStyling: Liberty Shaw @libertyshaw_stylist / Hillary Owens @hilary_owenstylist\n\nProduction Agency: Mouthpiece / Claire Stubbs @mouthpiece_rep\nProduction House: Kulfi Collective @kulfi.collective\nCEO & Co Founder (Kulfi) - Advait Gupt\nCOO (Kulfi) - Manoti Jain\nHead of Production (Kulfi) - Kalpit Damania\nSr Creative Producer (Kulfi) - Bhumit Shah @thecurlybrainstormer\nExecutive Producer (Kulfi - Ops) - Sunny Dixit\nLine Production: Cross The Line Productions @crossthelinep\nHead of Production (CTLP) : Ravi Dixit\nLine Producer (CTLP): Karan Soni @_karan.s._\n\nEditor: Liam Pethick\nColour: No.8 @no8ldn\nColourist: Jonny Tully @jonnytully\nNo.8 EP: Ollie Ireland @ollieireland\n\n----\nLyrics\n\nYou’re glowing\nYou colour and fracture the light\nYou can’t help but shine\nAnd I know that\nYou carry the world on your back\nBut look at you tonight\nThe lights\n\nYour face\nYour eyes\nExploding\nLike fireworks\nIn the sky\nSapphire\nTouching on your body while you’re pushing on me\nDon’t you end the party\nI could do this all week\nWe’ll be dancing till the morning\nGo to bed we won’t sleep\nCham cham chamke sitare wargi\nSapphire\nTouching on your body while you’re pushing on me\nDon’t you end the party\nI could do this all week\nWe’ll be dancing till the morning\nGo to bed we won’t sleep\nCham cham chamke sitare wargi\nLook what we found\nKarma reached out\nInto our hearts and pulled us to our feet now\nYou know the truth is\nWe could disappear\nAnywhere as long as I got you there\nWhen the sun dies\nTill the day shines\nWhen I’m with you\nThere’s not enough time\nYou are my spring flower\nWatching you bloom, wow\nWe’re are surrounded but I can only see\nThe lights\nYour face\nYour eyes\nExploding\nLike fireworks\nIn the sky\n\nSapphire\nTouching on your body while you’re pushing on me\nDon’t you end the party\nI could do this all week\nWe’ll be dancing till the morning\nGo to bed we won’t sleep\nCham cham chamke sitare wargi\nSapphire\nTouching on your body while you’re pushing on me\nDon’t you end the party\nI could do this all week\nWe’ll be dancing till the morning\nGo to bed we won’t sleep\nCham cham chamke sitare wargi\nSapphire\nYou’re glowing\nYou’re glowing\nYou colour and fracture the light\nLook at you\nTonight\nSapphire\n\nमहरूनी, दो नैण लुभाए\nचांदणी चम चम चमकाए\nनूर दा मेनूं घूंट पिलाए\nजिंदड़ी बण जाए\nअंबरां दी तू झालर पाए\nबद्दळां दे लट्ठे सूट बणाए\nकिरणां नूं रंग रूप चटाए\nमोरणी बण जाए\n\nपलकां उठावे ते हनेरे घट्ट दे\nउंगला’च पाके तू धनक फिरदी\nकिवे रब ने दो नैणा उते नीलम जड़े\nचम चम चमके सितारे वरगी\nSapphire\nTouching on your body while you’re pushing on me\nDon’t you end the party\nI could do this all week\nWe’ll be dancing till the morning\nGo to bed we won’t sleep\nCham cham chamke sitare wargi\nSapphire\nTouching on your body while you’re pushing on me\nDon’t you end the party\nI could do this all week\nWe’ll be dancing till the morning\nGo to bed we won’t sleep\nCham cham chamke sitare wargi\nSapphire\nTouching on your body while you’re pushing on me\nDon’t you end the party\nI could do this all week\nWe’ll be dancing till the morning\nGo to bed we won’t sleep\nCham cham chamke sitare wargi\nSapphire\nThe lights\nYour face\nYour eyes\n\nExploding\nLike fireworks\nIn the sky\nSapphire', 184696317, 183, '3:03', 'False', 6, 8),
	(9, 'yung kai - blue (official music video)', 'yung kai - blue (official music video)', 'Stream my track and follow me on socials: https://linktr.ee/yungkaiboy\n\nCast:\nyung kai\nhttps://www.instagram.com/ykaizzk\nJulia Ma\nhttps://www.instagram.com/juliama/\n\nDirector: Kenji K Chong \nProducer: Gensho Tasaka Genshott\nProduction Company: Yojimbo Productions\nCreative Producer: Bo Nawacharee \n\nDirector of Photography: Simon Gulergun \n1st Assistant Camera: Nevo Shirazi \nSteadicam Operator: Leandro Imaz \n\nGaffer: Kevin Shanmugam \n\nVFX: Magic Soup Studio \nColorist: fljanks \nEditor: Kenji K Chong \n\nProduction Coordinator: Connor Hurley  \nProduction Assistant: German Alonso\n\nLyrics\nYour morning eyes, I could stare like watching stars\nI could walk you by, and I\'ll tell without a thought\nYou\'d be mine, would you mind if I took your hand tonight?\nKnow you\'re all that I want this life\n\nI\'ll imagine we fell in love\nI\'ll nap under moonlight skies with you\nI think I\'ll picture us, you with the waves\nThe ocean\'s colors on your face\nI\'ll leave my heart with your air\nSo let me fly with you\nWill you be forever with me?\n\nMy love will always stay by you\nI\'ll keep it safe, so don\'t you worry a thing, I\'ll tell you I love you more\nIt\'s stuck with you forever, so promise you won\'t let it go\nI\'ll trust the universe will always bring me to you\n\nI\'ll imagine we fell in love\nI\'ll nap under moonlight skies with you\nI think I\'ll picture us, you with the waves\nThe ocean\'s colors on your face\nI\'ll leave my heart with your air\nSo let me fly with you\nWill you be forever with me?', 187281056, 221, '3:41', 'False', 7, 9),
	(10, 'Billie Eilish - WILDFLOWER (BILLIE BY FINNEAS)', 'Billie Eilish - WILDFLOWER (BILLIE BY FINNEAS)', 'HIT ME HARD AND SOFT (WITH ALL ISOLATED VOCALS) is available now to download: https://BillieEilish.lnk.to/ISOLATED \n\nL’AMOUR DE MA VIE [OVER NOW EXTENDED EDIT] out now: https://billieeilish.lnk.to/OVERNOW\n\nListen to HIT ME HARD AND SOFT, the new album from Billie Eilish, out now: https://BillieEilish.lnk.to/HITMEHARDANDSOFT \nShop exclusive vinyl, CD and more: http://BillieEilish.lnk.to/Store \nGet tickets: https://BillieEilish.lnk.to/TourDates\n\nCourtesy of the Kia Forum\n\nFollow Billie Eilish:\nTikTok: https://BillieEilish.lnk.to/TikTok\nInstagram: https://BillieEilish.lnk.to/Instagram\nFacebook: https://BillieEilish.lnk.to/Facebook\nTwitter: https://BillieEilish.lnk.to/Twitter\nYouTube: https://www.youtube.com/billieeilish \nWhatsApp: https://BillieEilish.lnk.to/WhatsApp \nEmail: https://BillieEilish.lnk.to/SignUp \nStore: https://BillieEilish.lnk.to/Store \nCell: +1 (310) 807-3956 \n\nMusic video by Billie Eilish performing WILDFLOWER ((BILLIE BY FINNEAS)). © 2024 Darkroom/Interscope Records\n\nhttp://vevo.ly/n4PCJt', 40408980, 261, '4:21', 'False', 4, 10),
	(11, 'Zillionaire Doe - How It\'s Going (Official Video)', 'Zillionaire Doe - How It\'s Going (Official Video)', 'Stream "How It\'s Going": https://zillionairedoe.lnk.to/HowItsGoing \n\nWatch more Doe Videos: \nhttps://www.youtube.com/watch?v=PDcDcSTiL4g&list=OLAK5uy_lXeAccApnm7m_bPzzEvvldz3_XC9g_LHQ\n\nFollow #ZillionaireDoe\nInstagram: https://www.instagram.com/zillionairedoe/\nTwitter: https://x.com/zillionairedoe\nTikTok: https://www.tiktok.com/@zillionairedoe \nFacebook: https://www.facebook.com/ZillionaireDoeOfficial\n\n#ZillionaireDoe #DBoiDreams #cmgthelabel', 1198540, 152, '2:32', 'False', 8, 11),
	(12, 'Alex Warren - Ordinary (Official Video)', 'Alex Warren - Ordinary (Official Video)', '\'You\'ll Be Alright, Kid\' out now: https://alexwarren.lnk.to/YoullBeAlrightKid\n\nLyrics:\nVERSE 1\nThey say the holy waters watered down and this town\'s lost it faith\nOur colors will fade Eventually\nSo if our time is running out day after day we’ll make the mundane our masterpiece\n\nPRE\nOh my my Oh my my\nLove I take one look at you\n\nCHORUS\nTaking me out of\nOf the ordinary I want you laying me down\nTil we’re dead and buried\nOn the edge of your knife\nStaying drunk on your vine the\nAngels up in the clouds are jealous knowing we found something so out of the ordinary you got\nme kissing the ground of your sanctuary shatter me with your touch\nOh lord return me to dust the\nAngels up in the clouds are jealous knowing we found\n\nVERSE 2\nHopeless hallelujah\nOh this side of heaven’s gates\nOn my life\nHow do ya Breathe and Take my breath away\nAt your alter I will pray\nYou’re the sculptor I’m the clay\nOh my my\n\nCHORUS\nYou’re taking me out\nOf the ordinary I want you laying me down\nTil we’re dead and buried\nOn the edge of your knife\nStaying drunk on your vine\nThe Angels up in the clouds\nAre jealous knowing we found something so out of the ordinary you got me kissing the ground\nof your sanctuary shatter me with your touch\nOh lord return me to dust\nThe Angels up in the clouds\nAre jealous knowing we found\nBRIDGE\nSomething so heavenly\nHigher than ecstasy whenever your next to me\nOh my my world was in black and white until I saw your light)\nI thought you had to die to find something so out\n\nCHORUS\nOf the ordinary I want you laying me down\nTil we’re dead and buried\nOn the edge of your knife\nStaying drunk on your vine\nThe Angels up in the clouds\nAre jealous knowing we found something so out of the ordinary you got me kissing the ground\nof your sanctuary shatter me with your touch\nOh lord return me to dust\nThe Angels up in the clouds Are jealous knowing we found\n\nEP - Zubin Anklesaria\nDirector - B Barone \nProducer - Quinn Cavin\nPM - Kaden Rutherford\nDP - Quaid De Baca\n1st AC - Mary Brown\nCamera Assistant - Joseph\nGaffer - Chase Erickson\nDrone Op - Jessar Nygard\nStunts - Tyler Albrect \nPA - Ari Dyrek\nPA - Fred Du Rietz\nEditor - B.K. Barone\nAssistant Editor - Josh Sweiven\nVFX - Diana Iatsenko\nAdditional VFX - B.K. Barone\nColorist - Dan Edwards\nAtlantic Creative - Andrew Reid\nAtlantic Creative - Caroline DeFranco', 147871443, 187, '3:07', 'False', 9, 12),
	(13, 'Kendrick Lamar - luther (Official Audio)', 'Kendrick Lamar - luther (Official Audio)', 'Kendrick Lamar “GNX” is available now: https://my-gnx.com/\n\nhttps://www.myGNX.com\nhttps://www.instagram.com/kendricklamar\nhttps://twitter.com/kendricklamar\nhttps://www.facebook.com/kendricklamar\n\n#KendrickLamar #GNX', 142084039, 178, '2:58', 'False', 10, 13),
	(14, 'Shaboozey - A Bar Song (Tipsy) [Official Visualizer]', 'Shaboozey - A Bar Song (Tipsy) [Official Visualizer]', 'Pre order the album "Where I\'ve Been, Isn\'t Where I\'m Going: The Complete Edition". Out 4/25!\nhttps://shaboozey.ffm.to/whereimgoingdeluxe\n\n\nListen to the single “A Bar Song (Tipsy)". Out Now!\nStream: https://music.empi.re/abarsong\n\nBuy CD: https://music.empi.re/wibiwigcd\nOrder Vinyl: https://store.empi.re/products/shaboozey-where-ive-been-isnt-where-im-going-vinyl\nOrder Signed Vinyl: https://www.urbanoutfitters.com/shop/shaboozey-where-ive-been-isnt-where-im-going-limited-lp2\n\n#Shaboozey #ABarSong #EMPIRE\n\n\nhttps://www.instagram.com/shaboozey/?hl=en\nhttps://www.tiktok.com/@shaboozey?lang=en\nhttps://twitter.com/shaboozeysjeans?lang=en\nhttps://www.facebook.com/ShaboozeyMusic/\n\n\n[Verse 1]\nMy baby want a Birkin\n, she\'s been tellin\' me all night long\nGasoline and groceries, the list goes on and on\nThis 9 to 5 ain\'t workin\', why the hell do I work so hard?\nI can\'t worry \'bout my problems, I can\'t take \'em when I\'m gone (Uh)\n\n\n[Pre-Chorus]\nOne, here comes the two, to the three, to the four\nTell \'em "Bring another round", we need plenty more\nTwo steppin\' on the table, she don\'t need a dance floor\nOh my, good Lord\n\n\n\n\n[Chorus]\nSomeone pour me up a double shot of whiskey\nThey know me and Jack Daniel\'s got a history\nTherе\'s a party downtown, near 5th Street\nEverybody at the bar gеttin\' tipsy\nEverybody at the bar gettin\' tipsy\nEverybody at the bar gettin\' tipsy\n\n\n[Verse 2]\nI\'ve been Boozey since I left, I ain\'t changin\' for a check\nTell my ma\', I ain\'t forget (Oh, Lord, uh)\n\n\nWoke up drunk at 10 a.m., we gon\' do this shit again\nTell your girl to bring a friend (Oh, Lord)\n\n\n[Pre-Chorus]\nOne, here comes the two, to the three, to the four\nTell \'em "Bring another round", we need plenty more\nTwo steppin\' on the table, she don\'t need a dance floor\nOh my, good Lord\n\n\n[Chorus]\nSomeone pour me up a double shot of whiskey (A double shot of whiskey)\nThey know me and Jack Daniel\'s got a history (We go way back)\n\n\nThere\'s a party downtown, near 5th Street\nEverybody at the bar gettin\' tipsy (Woo)\nEverybody at the bar gettin\' tipsy (At the bar gettin\' tipsy)\nEverybody at the bar gettin\' tipsy\n\n\n[Bridge]\nOne, here comes the two, to the three, to the four\nWhen it\'s last call and they kick us out the door\nIt\'s gettin\' kind of late but the ladies want some more\nOh my, good Lord (Tell \'em drinks on me)\n\n\n[Chorus]\nSomeone pour me up a double shot of whiskey (A double shot of whiskey)\nThey know me and Jack Daniel\'s got a history (Way back)\nThere\'s a party downtown, near 5th Street (Come on)\nEverybody at the bar gettin\' tipsy (Woo-ooh)\nCan someone pour me up a double shot of whiskey (A double shot of whiskey)\nThey know me and Jack Daniel\'s got a history (It\'s Jack D)\nAt the bottom of a bottle gon\' miss me (Baby, don\'t miss me)\nEverybody at the bar gettin\' tipsy (At the bar gettin\' tipsy)\nEverybody at the bar gettin\' tipsy\nEverybody at the bar gettin\' tipsy\n\n[Outro]\nThat\'s fuckin\' messed up, bro, they kicked me out the bar\n\n\n\nOfficial Visualizer by Shaboozey - "A Bar Song (Tipsy)" © 2024 American Dogwood / EMPIRE\n\nhttp://vevo.ly/InenGX', 288277902, 173, '2:53', 'False', 11, 14),
	(15, 'Kendrick Lamar - Not Like Us', 'Kendrick Lamar - Not Like Us', 'Kendrick Lamar “Not Like Us”\nDirected by Dave Free & Kendrick Lamar\n \nProduction Company: pgLang / project3\nExecutive Producers: Kendrick Lamar, Dave Free\nProducers: Sam Canter, Jack Begert, Jamie Rabineau,\nCornell Brown, Anthony Saleh, Jared Heinke\nAssociate Producer: Charm La’Donna\nDirector of Photography: Xiaolong Liu\n1st AD Los Angeles: Michael Pierrard \n1st AD Compton: Kenneth Taylor\nProduction Designer: Freyja Bardell\nChoreographer: Charm La’Donna\nWardrobe Department Head: Karizza Sanchez\nKL Stylist: Taylor McNeill\nTalent Stylist: Jessica Willis\nTalent Stylist: Telsha Anderson-Boone\nStunts: Craig Jensen\nTalent Grooming: Emily Cheng\nTalent Hairstylist: Flipper Moore\nBarber: Chris Donato Smith\nCast HMU: Camille Ariane\nLocation Manager: Derek Tramont\nEditor: Chaz Smedley, Eddy Street Post\nColorist: Mikey Rossiter\nVFX: Karen Arakelian\nAdditional VFX: Sunset Edit, SUPERCONTINENT\nSound Design: Matt Yocum\nCommissioner: Michelle An\n \n#KendrickLamar #NotLikeUs \nhttp://vevo.ly/NcHpoC', 397228595, 354, '5:54', 'False', 10, 15),
	(16, 'LISA - BORN AGAIN feat. Doja Cat & RAYE (Official Music Video)', 'LISA - BORN AGAIN feat. Doja Cat & RAYE (Official Music Video)', 'Stream LISA’s new single “Born Again” feat. Doja Cat & RAYE: https://lisa.lnk.to/BornAgain \nLISA’s debut album, ‘Alter Ego’ is out now. Listen here: https://lisa.lnk.to/AlterEgo   \nShop vinyl, CDs, photobooks and more: https://lnk.to/LisaStore \n\nFollow LISA:\nhttp://www.instagram.com/lalalalisa_m\nhttps://www.tiktok.com/@lalalalisa_m\nhttps://www.youtube.com/@lalalalisa_m\n\nFollow Doja Cat:\nhttps://www.instagram.com/dojacat\nhttps://www.tiktok.com/@dojacat\nhttps://x.com/dojacat\nhttps://www.dojacat.com\n\nFollow RAYE:\nhttps://www.instagram.com/raye\nhttps://www.tiktok.com/@raye \nhttps://x.com/raye\nhttps://rayeofficial.com \n\nFollow WeAreLLOUD:\nhttp://www.instagram.com/wearelloud\nhttps://www.tiktok.com/@wearelloud\nhttp://www.facebook.com/wearelloud\nhttps://www.youtube.com/@wearelloud\n\nDirector - Bardia Zeinali\nLabel: LLOUD Co. / RCA Records \nEP / Producer - Nathan Scherrer\nEP / Producer - Tara Sheree\nProducer - Aiden Magarian\nProduction Manager - Dylan DeLuca\nProduction Coordinator - Jose Javier Calvo\n1st AD - Kenny Taylor\nDirector of Photography - Frank Mobilio\nCLT - Mark Ramsey\nKey Grip - Tom TJ Johnson\nProduction Designer - Brielle Hubert\nMovement Coach - Sienna Lalau\nEditor - Troy Charbonnet\nVFX Artist - Zeke Faust\nVFX Artist - Pendulum VFX\nColorist - Dante Pasquinelli @ Ethos\nTitles - Andrey Azizov\nVFX / Beauty - @Hush_VFX \nEP/ Supervisor - Daniel Saldivar\nProducer - Brandii Requejo \nCoordinator - Brooke Fulghum \n \nRCA\nLabel Producer & Video Commissioner - Camille Yorrick\nLabel Producer - Karina Lopez\nSVP, Marketing - Val Pensa\nSr Marketing Director - Gina Messeri\nSr Digital Marketing Director – Murdoc Hardy\n \nLISA\nCreative Director - Emily Jang\nCreative Team - Daniel Terrell\nCreative Team - Kanna Tuniuchi\nCreative Team - Hiroyuki Suziki\nManagement - Alice Kang\nManagement - Joojong "JJ" Joe\nManagement - Chase Johnson\nStylist - Nan Permpoon\nStylist - Zerina Akers\nMUA - Myungsun Lee\nHair Stylist - Hyeyeon Jang\nNails - Juan Alvear\nBTS - Angel Orozco\n \nDOJA CAT\nCreative Director & Stylist - Brett Nelson\nManagement - Gordan Dillard\nManagement - Josh Kaplan\nManagement - Makena Wasserman\nManagement - Whitney Jones\nAssistant Stylists – LJ Perez, Nikko Panti and Mikey Aviles\nTailor - Tia Usher\nHair Stylist - Jared Henderson\nMUA - Ivan Nunez\nNail Tech - Saccia Livingston\nPhotographer - Jacob Webster\nVideographer - Alfred Jamal Peters\n \nRAYE\nCreative Director - Mikey Robbins\nManagement - Patty Marino\nManagement - Sarah Keen\nManagement - Paul Keen\nDigital Lead - Alexandra Dairo\nStylist - Eniola Dare\nHair Stylist - Marty Harper\nMUA - Ernesto Casillas\n\n#LISA #BORNAGAIN #DojaCat #RAYE', 115058148, 244, '4:04', 'False', 12, 16),
	(17, 'C\'zah - Vent | Official Music Video', 'C\'zah - Vent | Official Music Video', 'C\'zah - Vent | Official Music Video\nProduced by: A-lex Productions\n\n\n#Vent #Czah #Dancehall', 12089, 189, '3:09', 'False', 13, 17),
	(18, 'Lola Young - Messy (Official Video)', 'Lola Young - Messy (Official Video)', 'My new album \'I\'m Only F**cking Myself\' is out now! \nOrder here: https://lolayoung.lnk.to/ImOnlyF--kingMyself\n\nMore of Lola Young here: https://www.youtube.com/playlist?list=PLAGPTX1uXn5JMj2D5rMJ1cs1f6JkJN-PM \n\nFollow Lola Young:\nInstagram: https://www.instagram.com/lolayounggg/ \nTiktok: https://www.tiktok.com/@lolayounggg \nFacebook: https://www.facebook.com/lolayoungmusic \nSpotify: https://open.spotify.com/artist/67FB4... \nApple Music: https://music.apple.com/gb/artist/lola-young/452271760 \n\nLyrics:\nYou know I\'m impatient\nSo why would you leave me waiting outside the station?\nWhen it was like minus 4 degrees \nAnd I get what you\'re saying\nI just really don\'t want to hear it right now\nCan you shut up for like once in your life?\nListen to me\nI took your nice words of advice about\nHow you think I\'m gonna die\nLucky if I turned 33\nOkay, so yeah, I smoke like a chimney\nI\'m not skinny and I pull a Britney\nEvery other week\nBut cut me some slack\nWho do you want me to be?\n\n\'Cause I\'m too messy\nAnd then I\'m too fucking clean\nYou told me, "Get a job"\nAnd you ask where the hell I\'ve been\nAnd I\'m too perfect\n\'Til I open my big mouth\nI want to be me\nIs that not allowed?\nAnd I\'m too clever\nAnd then I\'m too fucking dumb\nYou hate it when I cry\nUnless it\'s that time of the month\nAnd I\'m too perfect\n\'Til I show you that I\'m not\nA thousand people I could be for you\nAnd you hate the fucking lot\n\nYou hate the fucking lot\nYou hate the fucking lot\n\nIt\'s taking you ages\nYou still don\'t get the hint\nI\'m not asking for pages\nBut one text or two would be nice\nAnd please, don\'t pull those faces\nWhen I\'ve been out working my arse off all day\nIt\'s just one bottle of wine or two\nBut hey, you can\'t even talk\nYou smoke weed just to help you sleep\nThen why you\'re out getting stoned at 4 o\'clock\nAnd then you come home to me\nAnd don\'t say hello\n\'Cause I got high again\nAnd forgot to fold my clothes\n\n\'Cause I\'m too messy\nAnd then I\'m too fucking clean\nYou told me, "Get a job"\nAnd you ask where the hell I\'ve been\nAnd I\'m too perfect\n\'Til I open my big mouth\nI want to be me\nIs that not allowed?\nAnd I\'m too clever\nAnd then I\'m too fucking dumb\nYou hate it when I cry\nUnless it\'s that time of the month\nAnd I\'m too perfect\n\'Til I show you that I\'m not\nA thousand people I could be for you\nAnd you hate the fucking lot\nYou hate the fucking lot\nYou hate the fucking lot\n\nAnd I\'m too messy\nAnd then I\'m too fucking clean\nYou told me, "Get a job"\nAnd you ask where the hell I\'ve been\nAnd I\'m too perfect\n\'Til I open my big mouth\nI want to be me\nIs that not allowed?\nAnd I\'m too clever\nAnd then I\'m too fucking dumb\nYou hate it when I cry\nUnless it\'s that time of the month\nAnd I\'m too perfect\n\'Til I show you that I\'m not\nA thousand people I could be for you\nAnd you hate the fucking lot\n\n#LolaYoung #Messy', 110991682, 284, '4:44', 'False', 14, 18),
	(19, 'Teddy Swims - Bad Dreams (Official Music Video)', 'Teddy Swims - Bad Dreams (Official Music Video)', 'Stream "Bad Dreams" now: https://TeddySwims.lnk.to/BadDreams\nStream my new album, \'I\'ve Tried Everything But Therapy (Part 2)\': https://TeddySwims.lnk.to/ITEBTpt2\n\nFollow Teddy Swims:\nhttps://www.instagram.com/teddyswims\nhttps://facebook.com/teddyswims404\nhttps://twitter.com/teddyswims\nhttps://soundcloud.com/teddyswims\nhttps://www.tiktok.com/@teddyswims\n\nJoin Teddy Swims\' mailing list: https://TeddySwims.lnk.to/signup\n\n\nLYRICS:\nSun is going down, time is running out\nNo one else around but me\nSteady losing light\nSteady losing my mind\nMoving shadows and grinding teeth\n\nWithout you, there ain\'t no place for me to hide\nWithout you, there\'s no way I can sleep tonight\nWhat I’d do for a little bit of peace and quiet\nWithout you I keep\n\nSlippin into bad dreams\nWhere there’s no you and I\nNo sound when I cry\nI love you and I need you to set me free\nFrom all of these bad dreams\nWaiting on the other side\nNo sound when I cry\nI love you and I need you to set me free from all of these, all of these\n(ooh) Bad dreams\n(ooh) All of these, baby, please\n\nCome around\nHelp me settle down\nHellish habits can cloud my head\nWhat you waiting for\nSomething physical\nI can’t do this by myself\n\nWithout you, there ain\'t no place for me to hide\nWithout you, there\'s no way I can sleep tonight\nWhat I’d do for a little bit of peace and quiet\nWithout you I keep\n\nSlippin into bad dreams\nWhere there’s no you and I\nNo sound when I cry\nI love you and I need you to set me free\nFrom all of these (all of these) bad dreams\nWaiting on the other side\nNo sound when I cry\nI love you and I need you to set me free (set me free) from all of these, all of these\n(ooh) Bad dreams, baby, please\n(ooh) All of these (baby, please) all of these\n\nCREDITS:\nDirector/Editor/VFX - Orie McGinness\nExecutive Producer - Mike Taylor\nProducer - Dana Willax\nProducer - Tanner Gordon\nProduction Company - Spvce Studio\nCinematographer - Garrett Hoffmann\nVFX - Paiton Hebert\nStylist - Tara Nichols\nStylist Asst - Jennifer Collao\nHMUA - Morgan Grimes\n1st AC - Trevor Jackson\n2nd AC - Matt Lemus\nCamera Prep - Jordan Edwards\nSteadicam - Chris Pinto\nTechno Crane - Eli Franks\nGaffer - Nick Schulte\nKey Grip - Mathew Seest\nBestboy Grip - Hugo Martinez\nGrip - Mason McLaury\nGrip - Jesus Munoz\nBestboy Electric - Randy Nguyen\nElectric - Kevin Cecil\nElectric - Spencer Dubiach\nStunts - Brandon Belieu \nStunt Rigging - Maxwell Heavenrich\nProduction Designer - Reece Scarpignato\nArt Director - Mag Rodriguez-Carlos\nConstruction - Nicholas Scarpignato\nConstruction - Callan Low\nConstruction - Jonny Yuecheng Sun\nArt PA - Andres Rodrigez\nArt PA - Christopher Condon\nProduction Assistant - Jessie Harris\nProduction Assistant - Elle Mika\nProduction Assistant - Kate Hill\nProduction Assistant - Daniel Burks\nTruck PA/Grip - Kevin Frame\nTruck PA/Grip - Charlie Lenz\nTruck PA - Anthony Espinoza\nTruck PA - Josiah Miller\n\n#teddyswims #soulmusic #baddreams', 160421970, 185, '3:05', 'False', 15, 19),
	(20, 'JENNIE, Doechii - ExtraL (Official Video)', 'JENNIE, Doechii - ExtraL (Official Video)', 'Official music video for “ExtraL” by JENNIE & Doechii out now: https://jennie.lnk.to/extral\n\n\'Ruby\' The 1st Studio Album out now: https://jennie.lnk.to/ruby\n\nDirected by Cole Bennett\nProduced by Lyrical Lemonade\n\nFollow JENNIE -\nInstagram: https://www.instagram.com/jennierubyjane\nTikTok: https://www.tiktok.com/@jennierubyjane\nTwitter: https://twitter.com/jennierubyjane\nhttps://jenn.ie\n\nFollow Doechii -\nInstagram: https://www.instagram.com/doechii/\nTikTok: https://www.tiktok.com/@iamdoechii_\nTwitter: https://twitter.com/officialdoechii\n\nFollow JENNIE HQ -\nInstagram: https://www.instagram.com/jennie_hq\nTikTok: https://www.tiktok.com/@jennie_hq\nTwitter: https://twitter.com/jennie_hq\n\n#JENNIE #Doechii #ExtraL', 92973980, 221, '3:41', 'False', 16, 20),
	(21, 'Sabrina Carpenter - Please Please Please', 'Sabrina Carpenter - Please Please Please', 'Music video by Sabrina Carpenter performing Please Please Please.© 2024 Island Records, a division of UMG Recordings, Inc.', 253618903, 263, '4:23', 'False', 5, 21),
	(22, 'JWAVY - SUNSET (FEAT. MARIBASED1) [MUSIC VIDEO]', 'JWAVY - SUNSET (FEAT. MARIBASED1) [MUSIC VIDEO]', 'The Queen Of Seattle Music Jwavy With Another Stunning Hit Sunset Featuring Seattle\'s Immortal Super Star Maribased1. You Can Stream Her Music Now On All Digital Streaming Platforms. https://frontl.ink/e6xb2jv', 7805, 191, '3:11', 'False', 17, 22),
	(23, 'Tommy Richman - MILLION DOLLAR BABY (Official Lyric Video) SHOT BY BELVEDERE', 'Tommy Richman - MILLION DOLLAR BABY (Official Lyric Video) SHOT BY BELVEDERE', 'Stream "MILLION DOLLAR BABY" OUT NOW: https://tommyrichman.ffm.to/milliondollarbaby\n\nSubscribe to Tommy Richman:\nhttps://tommyrichman.ffm.to/subscribe\n\nFollow Tommy Richman:\nhttps://www.instagram.com/tommyrichman.png/\nhttps://twitter.com/tommyrichmann\nhttps://everythingispunk.com\n\nShot by Josh Belvedere\n\nI ain’t never rep a set baby\nI ain’t do no wrong\nI could clean up good for you\nOh I know right from wrong\nCause I wanna make it (so badly)\nI’m a Million Dollar Baby (don’t at me)\nHell no\n\nYou rep my city for so damn long\nBut you still don’t notice me\nMy sound next\nVA next\nI’m at they neck\nI’m running up a check\nShe a bad lil mama she a diva\nNo matter what happens he cannot come between us again\nI know we’re better than friends (better than friends)\nI took her to Queen’s Gambit, showed around my friends\nTried to pick some energy up it don’t better\nI know you haven’t moved on, if you tried\nI don’t believe it baby, I know you lied\nAll night long\nWhat you mean I changed\nHaven\'t stayed the same\nI’ve been losing my mind\nI said the city is mine\n\nI ain’t never rep a set baby\nAin’t do no wrong\nI could clean up, do it for you\nOh I know right from wrong\nCause I wanna make it (so badly)\nI’m a Million Dollar Baby (don’t at me)\nI ain’t never rep a set baby\nAin’t do no wrong\nI could clean up, good for you\nOh I know right from wrong\nCause I wanna make it (so badly)\nI’m a Million Dollar Baby (don’t at me)\n\nHell no\nHell no\nHell no', 45822601, 156, '2:36', 'False', 18, 23),
	(24, 'Sabrina Carpenter - Manchild (Official Video)', 'Sabrina Carpenter - Manchild (Official Video)', 'Stream “Manchild” here: https://sabrinacarpenter.lnk.to/Manchild\n \nNew merch available: https://sabrinacarpenter.lnk.to/ManchildCollection  \n \nDirected by Vania Heymann & Gal Muggia\n \nmakeup: Prada Beauty using Banana Balm\nspecial thanks to Prada Beauty Makeup\n \nSubscribe to Sabrina’s channel: https://bit.ly/SCYTsubscribe\n \nFollow Sabrina Carpenter: https://linktr.ee/sabrinacarpenter\nInstagram:  https://www.instagram.com/sabrinacarpenter\nFacebook:  https://www.facebook.com/sabrinacarpenter\nTwitter:  https://x.com/SabrinaAnnLynn\nTikTok:  https://www.tiktok.com/@sabrinacarpenter\n \nLYRICS:\n \nYou said your phone was broken\nJust forgot to charge it\nWhole outfit you’re wearing\nGod I hope it’s ironic\nDid you just say you’re finished?\nDidn’t know we started\nIt’s all just so familiar\nBaby, what do you call it?\nStupid\nOr is it\nSlow?\nMaybe it’s\nUseless?\nBut there’s a cuter word for it\nI know\nManchild\nWhy you always come a running to me?\nFuck my life\nWon’t you let an innocent woman be?\nNever heard of self care\nHalf your brain just aint there\nManchild\nWhy you always come a running\nTaking all my loving from me?\nWhy so sexy\nIf so dumb?\nAnd how survive the earth so long?\nIf I’m not there it won’t get done\nI choose to blame your mom\nManchild\nWhy you always come a running to me?\nFuck my life\nWon’t you let an innocent woman be?\nNever heard of self care\nHalf your brain just aint there\nManchild\nWhy you always come a running\nTaking all my loving from me?\nOh I like my boys playing hard to get\nAnd I like my men all incompetent\nAnd I swear they choose me\nI’m not choosing them\nAmen\nHey men!\nOh, I like my boys playing hard to get\nAnd I like my men all incompetent\nAnd I swear they choose me\nI’m not choosing them\nAmen\n(Amen)\nHey men!\n(Hey men!)\nManchild\nWhy you always come a running to me?\n(always come a running to me)\nFuck my life\nWon’t you let an innocent woman be?\nOh, I like my boys playing hard to get\nAnd I like my men all incompetent\nAnd I swear they choose me\nI’m not choosing them\nAmen\nHey men!\n \n#SabrinaCarpenter #Manchild\n\nMusic video by Sabrina Carpenter performing Manchild (Official Video).© 2025 Island Records, a division of UMG Recordings, Inc.', 80889460, 236, '3:56', 'False', 5, 24),
	(25, 'Doechii - Anxiety (Official Video)', 'Doechii - Anxiety (Official Video)', '“Anxiety” Doechii\n\nDirected by James Mackel for Adele Drive\n\nProduction Company: Adele Drive \nExecutive Producers: Anthony “Top Dawg” Tiffith, Anthony Moosa Tiffith\nEP: Langston Griffith-Siebens\n\nProduction Company: More Avenue\nProduced by Jolene Mendes, Sophia Sabella, Pablo Feldman\n\nDirector of Photography: Nico Aguilar\nProduction Designer: Hensel Martinez\nChoreographer: Robbie Blue\nStunt Coordinator: Robert Brown \nCreative Directors: James Mackel, Connor Tingley, Sammy McEntire, Langston Griffith-Siebens\nEditor: Sammy McEntire\n\nVFX: Pendulum\nColorist: Bryan Smaller\n\nFeaturing: Courtney Hargrett, Sydney Hargrett\n\nProduction Manager: Rachel Nagao\nProduction Coordinator: Megan Short\nLocation Manager: Ron Dabach\nProduction Accountant: Jessica Feder\n\nFirst Assistant Director: Jonas Morales\nSecond Assistant Director: Damon Limbrick\nSecond Second Assistant Director: Jane Kim\n\nAssistant Choreographer: Marie Spieldenner\n\nFirst Assistant Camera: Connor Lambert\nSecond Assistant Camera: Jordan Oglesby\nLoader: McKay Todd\nSteadicam Operator: Chris Loh\nCrane Operator: Clay Platner\nCrane Tech: Ned Hurlbut\nMatrix Techs: Simon Shin, Doug McCormick\nVTR: Bob Mills\n\nChief Lighting Technician: Tony Varoula\nAssistant Chief Lighting Technician: Don Davidson\nElectrics: Fred Palluzi, Nick Arnold\nHyphenate Driver / Electric: Anthony Olmos\n\nKey Grip: John Day\nBest Boy Grip: Stu Brumbaugh\nGrips: Sara Elia, Adam Baker, Hermexial Drexilus\nDolly Grip: Kenneth Colbentz\nHyphenate Driver / Grip: Peter Yauri\n\nTransportation Gang Boss: Rick Antonette\n\nArt Directors: Helen Morales, Adam Miko, Justin Brown\nSet Decorator: Natalia Brito\nLead Person: Leo Arroyo\nHyphenates: Talyn LaTour, Maximo Huete\nOn-Set Dresser: Nick De La Rosa\nSet Dresser: Drew Wall\nScenics: Danielle Manning, Anya Dikareva, Krystall Schott, Hailee Field\nShoppers: Heidy Orellana, Simone Arielle Moscovitch, Kaylinn Duffy, Alina Çelik\nGraphic Designer: Mackenzie Murray, Remy Levy\nArt Assistant: Dylan Dobler\n\nSpecial Effects / Pyro: John Eggett\n\nDoechii’s Team –\nAssistant to Doechii: Caroline Fromm\nStylist: Sam Woolf\nStyling Assistant: Juliette Hill\nMakeup Artist: Chelsea Uchenna\nHair: Evalyn Denis\nBTS Stills: Xavier Scott Marshall \nBTS Video: Zenzele Moore Ysaguirre\n\nCapitol Music Group\nCapitol Creative: Chase, Salomon \nCapitol Digital: Danielle Nicholson \n\nDancers / Stunts / Background Wardrobe –\nCostume Designer: Lisa Madonna\nAssistant Costume Designers: Dani Dolinger, Justin Rose\n\nCourtney & Sydney’s Wardrobe –\nCostume Designer: Rasheeda Raines\n\nDancers / Background Hair & Makeup –\nKey Makeup Artist & Key Body Painter: Nadia Reese Stone\nAdditional Makeup Artists & Body Painters: Laurel Charleston, Megan Dupuy, Morrisa Pena\nAdditional Makeup Artist: Elise Gehrke\nAdditional Hair Stylist: Gabriela Aceves\n\nDancer Agencies: BLOC, UTA, MSA, CTG, GO2\n\nPrincipal Dancers: Peyton Matthias, Andrea Bess, Ardyn Flynt, Keera Kittles, Randi Moraga, Kaylin Motton, Hezekiah Anthony, Lucas Debiasi, Mariyah Hawkins, Gavin Morales, Selena Hamilton, Janae Holster, Anthony Ciaccio, Aysia Ianiero, Zachary Venegas, Rex Kline, Jakevis Thomason, Gabi Barra, Dyllan Blackburn, Jordyn Green, Kenneth Espiritu, Jalen Rashad, Anthony Curley, Dai Boyd, Hannah Winship, Hamly Tavarez, Angel Mammolitti, Robbie Olmos, Jaylen Pea, Augustine Perez\n\nEnsemble Dancers: Shanie Blais, Shelby Davis, Nevaeh Eloi, Kailani Rae, Forest Lee, Davon Rashawn, Denna Thompson, Chaz Buzan, Ava Berstine-Mitchell, Tina Jarmusz, Sofie Loeken, Ally Waller, Alyssa Sniff, Matthew Kubitz, Austin Lee, Jaelyn Heath, Gregg Sainvilus, Kyndall Ash, Liv Battista, Dominique LaRaine, Preslee Tucker, Kyla Chaney, Ania Crist, Athena Cruz, Jordan Gaskin, Alexandria Schacter, Daniel Asamoah, Zion Harris, Seth Kai, Grayson McGuire, Phi Voba, JJ Allen, Caryn Mueller, Carlin Dixon, Rauf Yasit\n\nStunt Performers: Tyler Elliott, Joe Santos, Brian In, LK Lavecchia\n\nBackground: Marquise Smith, Martyrs Smith, Sara Salazar, Andrea Salazar, Katie Molloy, Emma Molloy, Olga Fridman, Yulia Maleko\n\nMedics: Heidi Rodriguez, Krisztina Barabas\n\nProduction Assistants: John Bonin, Donovan Watson, Patrick Wirth, Omar Gutierrez, Luther Sartor, Joseph Steven Huegel, Cameron Robson, Jonathan Davis, Jhovanny Esparza, Daved Olivencia, Danny Mullen, Anthony Vega, Julio Almaguer, Matt Dulberg, Jeffrey Petro, Dylan Myers, Julie Nyznik, Julian Domingues, Bella Soto\n\nMatmen: Alfredo Papadaki\n\nPost –\nPost Producer: Sammy McEntire\n\nVFX Supervisor: Ryan Zum Mallen\nVFX Producer: Damian Giampietro\nVFX Creative Director: Sammy McEntire\nCompositors: Victor Velasco & Diana Iatsenko\nQC: Dena Zum Mallen\nOn-Set VFX Supervisor: Ben Kadie\nAdditional VFX Cleanup: Paume Post Production\nSound Design: Adam Carl\n\nColor House: Company 3\nColor Producer: Mario Castro\n\nSpecial Thanks: Sony, Kodak, Panavision, Amanda Sasaki, Calvert Studios, Image Locations', 51336708, 252, '4:12', 'False', 19, 25),
	(26, 'Adam Port, Stryv - Move feat. Malachiii (Extended Version)', 'Adam Port, Stryv - Move feat. Malachiii (Extended Version)', 'Adam Port, Stryv - Move (Extended Version) feat. Malachiii [Official Audio]\nStream/Download: https://ffm.to/keinemusikmove\n\nKM069 released June 07th, 2024\n\n\n\nArtwork by Itohan Emonvomwan \n\n\nLYRICS\nFire burning\nStyle gunning\nAyyyyyy\nI’m feening I just want a taste\nGot the feeling you don’t wanna wait\nI know that you want me here and now\n\nFire burning\nStyle gunning\nAyyyyyy\nI’m feening I just want a taste\nGot the feeling you don’t wanna wait\nI know that you want me here and now\n\nKnow you wanna party\nListen to your body \nI want to get naughty\n\nGirl I really like the way you \nMove \nMove\nMove\nGirl I really like the way you \nMove\nMove\nMove\nGirl I really like the way you move\n\nGirl I really like the way you\nGirl I really like the way you\n\nBody turning\nLet me work it \nAyyyyyy\nPut it on me, my hands on your waist\nLater you can come over my place \nI know that you want me here and now\n\nKnow you wanna party\nListen to your body \nI want to get naughty\n\nGirl I really like the way you \nMove \nMove\nMove\nGirl I really like the way you \nMove\nMove\nMove\nGirl I really like the way you move\n\nGirl I really like the way you\nGirl I really like the way you move\nGirl I really like the way you\nGirl I really like the way you\n\nOooaaa woah woah woah \nOooaaa woah woah woah \nOooaaa woah woah woah\nYa ya ya ya ya ya ya ya ya \n\nOooaaa woah woah woah \nOooaaa woah woah woah \nOooaaa woah woah woah\nYa ya ya ya ya ya \n\nGirl I really like the way you\nMove\nMove\nMove', 87005996, 353, '5:53', 'False', 20, 26),
	(27, 'Tutipsy & Niickii - Afro Disco (Visualizer)', 'Tutipsy & Niickii - Afro Disco (Visualizer)', 'New Single: “Afro Disco\nListen Now: https://symphony.to/tutipsy/afro-disco\n\nFollow Us on Social Media:  \nTikTok: @tutipsy | @niickiiofficial\nInstagram: @tutipsy | @niickiiofficial\nTwitter: @tutipsy | @niickiiofficial\nFacebook: @tutipsy | @niickiiofficial\n\nTeam:  \nDirector & Camera: NIICKII\nEditor: NIICKII\n\n‘Afro Disco’\nWritten & Composed by: Tutipsy & NIICKII\n(P) & ©️ 2025 NIICKII, Tutipsy  \n\nLyrics:\nOh oh oh \nOh oh oh \nOh oh oh \n \nOti shele \nE don happen \nNow is famous \nThey are jealous \nOti shele \nOtu lo far \nNow you know \nSay you know \nYou are jealous \nGo\n\nRambo Rambo Rambo \nMake me your commando\nYoung boy from the ghetto \nNow e don turn commando \nRambo Rambo Rambo \nYoung boy from the ghetto \nRambo Rambo Rambo \nNow e don turn commando \n\nEh ehey \nEh ehey\nEh ehey \nYou want to dance?\nCome dance\nEh ehey \nEh ehey \nYou want to dance?\nCome dance\n\n\nOne for the girls dem \nOne for the men dem \nOne for my homies \nShow dem love \nGive dem shot \nLike Lewandowski\n\nAbi don corleone\nFor the girls dem \nI know I’m not holy  \nMake you shake that thing \nWhine that thing \nWhine am for daddy \n\nRaga bomi \nMoni Moni \nMoni ko raga bomi \nRaga bomi \nRaga bomi \nRaga bomi \n\n\nOti shele \nE don happen \nNow is famous \nThey are jelous \nOti shele \nOtu lo far \nNow you know \nSay you know \nYou are jealous \n\nEh ehey \nEh ehey \nYou want to dance?\nCome dance\nEh ehey \nEh ehey \nYou want to dance?\nCome dance\n\n\nOh oh oh \nOh oh oh \nOh oh oh', 17322, 154, '2:34', 'False', 21, 27),
	(28, 'Billie Eilish - CHIHIRO (Official Music Video)', 'Billie Eilish - CHIHIRO (Official Music Video)', 'HIT ME HARD AND SOFT, the new album from Billie Eilish, is out now. Shop exclusive vinyl and CD: https://BillieEilish.lnk.to/Store \n\nDirected by Billie Eilish\n\nListen to HIT ME HARD AND SOFT: http://BillieEilish.lnk.to/HITMEHARDANDSOFT \nGet tickets: https://BillieEilish.lnk.to/TourDates\n\nFollow Billie Eilish:\nTikTok: https://BillieEilish.lnk.to/TikTok\nInstagram: https://BillieEilish.lnk.to/Instagram\nFacebook: https://BillieEilish.lnk.to/Facebook\nTwitter: https://BillieEilish.lnk.to/Twitter\nYouTube: https://www.youtube.com/billieeilish \nWhatsApp: https://BillieEilish.lnk.to/WhatsApp \nEmail: https://BillieEilish.lnk.to/SignUp \nStore: https://BillieEilish.lnk.to/Store \nCell: +1 (310) 807-3956\n\nMusic video by Billie Eilish performing CHIHIRO. © 2024 Darkroom/Interscope Records\n\nhttp://vevo.ly/6jRUR8', 148501523, 324, '5:24', 'False', 4, 28),
	(29, 'Sabrina Carpenter - Taste (Official Video)', 'Sabrina Carpenter - Taste (Official Video)', 'Stream “Taste” here: https://sabrinacarpenter.lnk.to/Taste\nListen to Short n’ Sweet, out now:  https://sabrinacarpenter.lnk.to/ShortNSweet\nWatch all Short n’ Sweet videos here : https://SabrinaCarpenter.lnk.to/ShortnSweetVideos\n \nNew merch available: https://SabrinaCarpenter.lnk.to/Merch\n \nstarring sabrina carpenter and jenna ortega\ndirected by dave meyers\n\nep / producer - nathan scherrer\nproducers - aiden magarian & collin druz\ndirector rep - lark creative\ncreative director - sarah carpenter\nlabel - island records\nvp, marketing - natasha kilibarda\nvp, a&r- jackie winkler\ncommissioner - steven gottlieb\ndirector rep - lark creative\nproduction company - freenjoy\n\ndirector of photography - scott cunningham\nproduction designer - grant armstrong\neditor - emile doucette\nvfx company - mathematic\nvfx supervisor - charlie iturriaga\ncolor - dante pasquinelli at ethos\nsound design - d. chris smith\n\nmanagement - volara\nmgmt - janelle lopez genzink\nmgmt - amy davidson\nmgmt - merce jessor\nbts photographer - alfredo flores\n\nbeloved boyfriend - rohan campbell\n\nproduction supervisor - giulia di stravola\nproduction manager - christopher san andres\nproduction coordinator - anne-sophie bine\n1st ad - kenneth taylor\n2nd ad - gerald hickman\n\nsc mua - raoul alejandre\nsc hair - scott king\nsc stylist - ronnie hartleben\njo mua - melanie inglessis\njo hair - bobby eliot\njo stylist - enrique melendez\njo tailor - giovanni garcia\n\ncast hair / make-up artist - kayli rachelle\ncast wardrobe stylist - annmarie hoang\nspfx makeup artist - chloe sens\nspfx makeup assist - lawrence mercado\nspfx makeup assist - josh foster\n \nSubscribe to Sabrina’s channel: https://bit.ly/SCYTsubscribe\n \nFollow Sabrina Carpenter: https://linktr.ee/sabrinacarpenter\nInstagram:  https://www.instagram.com/sabrinacarpenter\nFacebook:  https://www.facebook.com/sabrinacarpenter\nTwitter:  https://x.com/SabrinaAnnLynn\nTikTok:  https://www.tiktok.com/@sabrinacarpenter\n \nLYRICS:\n\nOh I leave quite an impression \nFive feet to be exact\nYou’re wondering why half his clothes went missing \nMy bodies where they’re at \nNow I’m gone but you’re still layin’ \nNext to me \nOne degree of separation\n \n(I) Heard you’re back together and if that’s true \nYou’ll just have to taste me when he’s kissing you\nIf you want forever and I bet you do \nJust know you’ll \nTaste me \nToo \n\nUh huh\n \nHe pins you down on the carpet\nMakes paintings with his tongue\n(La la la la la la la)\nHe’s funny now all his jokes hit different \nGuess who he learned that from \n \nNow I’m gone but you’re still layin’\nNext to me \nOne degree of separation \n \n(I) Heard you’re back together and if that’s true \nYou’ll just have to taste me when he’s kissing you\nIf you want forever and I bet you do \nJust know you’ll \nTaste me \nToo \n \n(La la la la la la la)\n\nEvery time you close your eyes \nAnd feel his lips you’re feelin’ mine \nAnd every time you breathe his air \nJust know I was already there \nYou can have him if you like \nI’ve been there done that once or twice \nAnd singin’ ‘bout it don’t mean I care \nYeah I know I’ve been known to share \n \nWell I heard you’re back together and if that’s true \nYou’ll just have to taste me when he’s kissing you\nIf you want forever and I bet you do \nJust know you’ll \nTaste me \nToo \n\nTaste me too \n(La la la la la la la)\nYou’ll just have to taste me when he’s kissing you\nYou’ll just have to taste me when he’s kissing you\n \n#SabrinaCarpenter #Taste #ShortnSweet\n\nMusic video by Sabrina Carpenter performing Taste.© 2024 Island Records, a division of UMG Recordings, Inc.', 210275500, 198, '3:18', 'False', 5, 29),
	(30, 'Post Malone - I Had Some Help (feat. Morgan Wallen) (Official Video)', 'Post Malone - I Had Some Help (feat. Morgan Wallen) (Official Video)', 'The official music video for “I Had Some Help” by Post Malone featuring Morgan Wallen. Get the song here: https://posty.lnk.to/ihadsomehelpYD. Off the new album F-1 Trillion: https://posty.lnk.to/f-1trillionlongbed\n\n►Shop exclusive merch: https://postmalone.lnk.to/shop\n\n►Subscribe for more: https://postmalone.lnk.to/subscribeYD\n\n►Follow Post Malone online:\nhttps://www.postmalone.com\nhttps://instagram.com/postmalone\nhttps://twitter.com/postmalone\nhttps://facebook.com/postmalone\nhttps://snapchat.com/add/postmalone\nhttps://tiktok.com/@postmalone\nhttps://discord.com/invite/post-malone \n\n►Follow @ExtraPosty:\nhttps://instagram.com/extraposty\nhttps://twitter.com/extraposty\nhttps://facebook.com/extraposty\nhttps://tiktok.com/@extraposty\n\n#PostMalone #MorganWallen #IHadSomeHelp\n\n© 2024 Mercury Records / Republic Records, a division of UMG Recordings, Inc.', 209840684, 201, '3:21', 'False', 22, 30),
	(31, 'Gracie Abrams - That’s So True (Official Lyric Video)', 'Gracie Abrams - That’s So True (Official Lyric Video)', 'Listen to the new album, The Secret of Us Deluxe, out now: https://gracieabrams.lnk.to/TheSecretofUsDeluxe \n \nShop official Gracie merch and music: https://GracieAbrams.lnk.to/Shop \n \nFollow Gracie Abrams:\nInstagram: https://www.instagram.com/gracieabrams/ \nFacebook: https://www.facebook.com/gracieabrams/ \nTwitter: https://www.twitter.com/gracieabrams \nTikTok: https://www.tiktok.com/@tehegracietehe \nYouTube: https://www.youtube.com/gracieabrams \nEmail: https://smarturl.it/graciesmailinglist \n\nMusic video by Gracie Abrams performing That’s So True (Lyric Video).© 2024 Gracie Abrams, under exclusive license to Interscope Records, a division of UMG Recordings, Inc.', 28007213, 166, '2:46', 'False', 23, 31),
	(32, 'NIGHT SKIES (Official Music Video)', 'NIGHT SKIES (Official Music Video)', 'NIGHT SKIES (Official Music Video)\n\n\nArtist: Chxnny \n\nProducers: PoDa and Mann Music \n\nMixing & Mastering: Mann Music \n\n\nCHXNNY - https://linktr.ee/Chxnny', 6605, 137, '2:17', 'False', 24, 32),
	(33, 'SEVDALIZA - ALIBI FT. PABLLO VITTAR & YSEULT (OFFICIAL MUSIC VIDEO)', 'SEVDALIZA - ALIBI FT. PABLLO VITTAR & YSEULT (OFFICIAL MUSIC VIDEO)', 'Stream Alibi: https://lnkfi.re/ALIBI_\n\nWritten by: Sevdaliza &  @pabllovittar  &  @yseultofficiel  \nProduced by: Sevdaliza & Mathias Janmaat \n\nMusic Video:\nDirected by Nogari @fernando.nogari\nProduced by @iconoclastbrasil\n\nCreative Direction @marthakisss\nCreative Assistant @toforagido\nManaging Director @pitylieutaud\nExecutive Producer @abauer858, @henriquedanieletto, @anamonte & @cescocivita\nExecutive Producer Ass @halleluj4\nCoordinator Production @mablum \nCoordinator Production Ass @ca_loureiro & @vinebrk\nDirection Ass Elis Manukian & _katritsis\nCinematography @maoriciu\nCamera Ass @valese\nProduction Design @carolozzi\nProduction Design Ass @Isajimenesze & @faeldebrito\nObject Producer @brruramos & @djessycat\nResearch: @halleluj4, @click.li & @priscilakubo\nProduction Director Reinaldo Faria\nProducers @ ronder1909 & @patynagaoka\nProduction Ass @_pegolo\nBTS @vitor.du.art\nStylist @juanduarte\nMUA @suabreup\n\nAssistants: \nRodrigo Resende @_rodrigoresende \nRaphaela Cruz @byraphaelacruz\nPaola Casatti @Paolacasatti \nMaria Demonia @mistressmaryd \n\nExtensions: \nShady Jordan @Shady_Jordan  \nJoao casatti  @joaocasatti  \nTattoo Artist : Atrix  @attrix.ttt \nNails: Dani Romanenko  @nenkoconcept \n\nSevdaliza crew:\nStylist @deluxewhore\nManagment @nigel_mv & @bylijne\n\nPabllo Vittar crew:\nStyling @vitferreira\nHairstylist @thereza.brown\nAssistente de styling - Lincon Catto \nProdutora - Pamella Renha \nDiretora de Movimentos - Jessi Müller\n\nYseult crew:\nStyling @eliemerveille\nMUA @paintyourlips\nHairstylist @hairluvanya\n\nChoreographer @ymoiramicall\nCasting: \n@ayo.klunga, @bibidebibixa, @flowkountouriotis, @iraciestrela, @lacorteorin, @liuashanti, @lucilenemoreira9, @malkiliana, @mawu.lima, @verissim4 e Elizabeth Martins \n\nCasting makeup team: \nSttefone @sttefone\nAndrey Batista @_andreybatista\nHolland Vision @holland.vision\nFilipe Costa @norimeke\n\nLyrics: \n\nPabllo Vittar\nNo meu amor sempre tem dor\nTudo pelo meu prazer\n\nSevdaliza\nCan you remember when the last time was \nYou felt safe \nIn the dark\nThis world was never meant \nFor a woman’s heart \nStill you rise \nThrough it all \n\nWhen I’m out of breath she’s my vitals \nWhen I need to rev she’s my ride or die \nWhen I’m out of faith she’s my idol \nI just killed a man she’s my alibi \n\nRosa, que linda eres (Alibi)\nRosa, que linda eres tu (Alibi)\nRosa, que linda eres (Alibi)\nRosa, que linda eres \n\nYseult\nTout est nasty,\nQue des mélo mélo dans ma tête\nQue des mélo mélo dans ma tête\nQue des mélo mélo dans ma tête\n\nMy baby doo doo \nBisou dans le cou \nSur mon corps tu donneras tout tout\nDo u want it, do u want it too, \n\nTon corps sera mon été \nMmmm\nJ’ai mis ton coeur de côté \n\nFini le temps des poètes,\nJe les hais comme je les aime,\nQuand je tue un homme, elle est mon alibi \n\nRosa, que linda eres (Alibi)\nRosa, que linda eres tu (Alibi)\nRosa, que linda eres (Alibi)\nRosa, que linda eres\n\nPabllo Vittar\nMuito prazer em conhecer\nO causador de todo o teu sofrer\nE eu vim de longe só pra te dizer\nTu é o meu mal querer\n\nNo meu amor sempre tem dor\nEla é meu álibi\n\nRosa, que linda eres (Alibi)\nRosa, que linda eres tu (Alibi)\nRosa, que linda eres (Alibi) \nRosa, que linda eres tu \n(I just killed a man she’s my alibi) \n\nRosa, que linda eres (Alibi)\nRosa, que linda eres tu (Alibi)\nRosa, que linda eres (Alibi)\nRosa, que linda eres tu', 236500879, 193, '3:13', 'False', 25, 33),
	(34, 'Myles Smith - Stargazing (Take My Heart Don’t Break It) - Visualiser', 'Myles Smith - Stargazing (Take My Heart Don’t Break It) - Visualiser', 'Myles Smith - Stargazing (Take My Heart Don’t Break It) - Visualiser\n\nListen to ‘Stargazing’ here - https://MylesSmith.lnk.to/StargazingAY\n\nYou Promised A Lifetime, my debut EP - https://MylesSmith.lnk.to/YouPromisedALifetimeAY\nOrder the \'You Promised A Lifetime\' EP Vinyl - https://MylesSmith.lnk.to/StoreAY\n \nAnd that’s not it, I’m also back on the road ⭐\nTour dates: https://MylesSmith.lnk.to/tourAY\n \nBe the first to see me live: https://MylesSmith.lnk.to/SignUpAY\n \nFollow me on socials:\n \nInstagram: https://MylesSmith.lnk.to/SocialsAY/instagram\nTikTok: https://MylesSmith.lnk.to/SocialsAY/tiktok\nX: https://MylesSmith.lnk.to/SocialsAY/x\nFacebook: https://MylesSmith.lnk.to/SocialsAY/facebook\nSoundcloud: https://MylesSmith.lnk.to/SocialsAY/soundcloud\nTwitch: https://MylesSmith.lnk.to/SocialsAY/twitch\n \nClick here to subscribe to YouTube: https://MylesSmith.lnk.to/SocialsAY/youtube\n \nFollow my Complete Playlist: https://MylesSmith.lnk.to/completeAY\n \n\nCrew credits:\n\nDirector: Devon Kuziw\nExec Producer: James Hughes\n\nAssistant Producer: Sophie Roderick\n\nCommissioner: Ange Joe\nArtist Management: Paul Jeboda\n\n1st AD: Charlie J Doherty\nDOP: Marti Guiver\n1st AC: Jack Plimbridge \nDIT: Caleb Johnston\nGaffer: Federico Belloli\nSteadi Cam: Mike Vega\nStylist: Lewis Munro\nStyle Assist: Ada Matylda\n\nLead Screen Tech: Rupert Hobbs \nScreen Tech Assist: Jordan Follen \nScreen Tech Assist: Callum L Hobbs\n\nColourist: Andi Chu \nColour Producer: George Blomiley\nStudio: Electric Colour\n\n\nCredits:\n \nWritten by Myles Smith, Jesse Fink, Peter Fenn\nProduced by Peter Fenn\nMixed by Michael Freeman\nMastered by Joe LaPorta at Sterling Sound\n \n\nLyrics:\n \nTime stood still\nJust like a photograph\nYou made me feel\nLike this would last forever\nLooking in your eyes\nI see my whole life\n\nOoh\nThey say you know it when you know it\nAnd I know\nOoh\nPromise that you’ll hold me close don’t let me go\nHey!\n\nTake my heart don’t break it\nLove me to my bones\nAll this time I wasted\nYou were right there all along\nYou and I stargazing\nIntertwining souls\nWe were never strangers\nYou were right there all along\n\nI lose my mind\nWhen I’m around you how I come alive\nWhen I’m without you\nI can’t help but feel so lost\nI wanna give you all I’ve got\n\nOoh\nThey say you know it when you know it\nAnd I know\nOoh\nPromise that you’ll hold me close don’t let me go\nHey!\n\nTake my heart don’t break it\nLove me to my bones\nAll this time I wasted\nYou were right there all along\nYou and I stargazing\nIntertwining souls\nWe were never strangers\nYou were right there all along\n\nTake my heart don’t break it\nLove me to my bones\nAll this time I wasted\nYou were right there all along\n \n#MylesSmith #Stargazing', 36173120, 174, '2:54', 'False', 26, 34),
	(35, 'ROSÉ - number one girl (official music video)', 'ROSÉ - number one girl (official music video)', 'ROSÉ - number one girl\ndownload/stream: http://rosesarerosie.lnk.to/numberonegirlID\n\n\'rosie\' - the first studio album by ROSÉ - out now\ndownload/stream: http://rosesarerosie.lnk.to/rosieID\n\nROSÉ store exclusive \'rosie\' vinyl, cd\'s, and more available now: http://rosesarerosie.lnk.to/storeID\n\nFollow ROSÉ:\nhttps://www.instagram.com/roses_are_rosie\nhttps://www.tiktok.com/@roses_are_rosie \nhttps://x.com/numberonehq\nhttps://www.facebook.com/rosesarerosieofficial\nhttps://www.rosesarerosie.com/\n\nLyrics:\nTell me that I’m special \nTell me I look pretty \nTell me I\'m a little angel \nSweetheart of your city \nSay what I\'m dying to hear \nCause I\'m dying to hear you \n\nTell me I\'m that new thing \nTell me that I\'m relevant \nTell me that I got a big heart \nThen back it up with evidence \nI need it and I don’t know why \nThis late at night \n\nIsn’t it lonely \nI\'d do anything to make you want me \nI\'d give it all up if you told me \nThat I\'d be \nThe number one girl in your eyes \nYour one and only \nSo what’s it gon’ take for you to want me \nI’d give it all up if you told me \nThat I’d be \nThe number one girl in your eyes \n\nTell me I’m going real big places\nDown to earth so friendly \nAnd even through all the phases \nTell me you accept me \nWell that’s all I\'m dying to hear \nYeah I\'m dying to hear you \n\nTell me that you need me \nTell me that I’m loved \nTell me that I’m worth it \nAnd that I’m enough \nI need it and I don’t know why \nThis late at night \n\nIsn’t it lonely \nI\'d do anything to make you want me \nI\'d give it all up if you told me\nThat I\'d be \nThe number one girl in your eyes \nYour one and only \nSo what’s it gon’ take for you to want me \nI’d give it all up if you told me \nThat I’d be \nThe number one girl in your eyes \n\nThe girl in your eyes \nThe girl in your eyes \nTell me I’m the number one girl \nI\'m the number one girl in your eyes \nThe girl in your eyes \nThe girl in your eyes \nTell me I\'m the number one girl \nI\'m the number one girl in your eyes \n\nWell isn\'t it lonely \nI\'d do anything to make you want me\n I\'d give it all up if you told me \nThat I\'d be \nThe number one girl in your eyes \n\nYour one and only \nSo what’s it ‘gon take for you to want me \nI’d give it all up if you told me \nThat I’d be \nThe number one girl in your eyes \nThe number one girl in your eyes\n\n#ROSÉ #number_one_girl #numberonegirl #rosie #MusicVideo', 119135427, 218, '3:38', 'False', 1, 35),
	(36, 'squabble up', 'squabble up', 'Kendrick Lamar “GNX” is available now: https://my-gnx.com/\nDirected by Calmatic\n\nProduction Company: pgLang / project3 & Prettybird\nExecutive Producers: Kendrick Lamar & Dave Free\nProducers: Jason Baum, Jamie Rabineau, Sam Canter\nDirector of Photography: Marcell Rév\n1st AD: Kenneth Taylor\nProduction Designer: Carlos Laszlo\nChoreographer: Charm La’Donna\nWardrobe Department Head: Karizza Sanchez\nWardrobe Stylist: Jessica Willis\nKL Stylist: Taylor McNeill\nGrooming: Pircilla Pae\nNail Tech: Tracey Sutter\nBarber: Chris Donato Smith\nMake Up: Camille Ariane\nHair: Terry Hunt\nEditor: We’re Super Excited!\nVFX: Noise Studio & Sunset Edit\nColorist: Mikey Rossiter\n\nhttps://www.myGNX.com\nhttps://www.instagram.com/kendricklamar\nhttps://twitter.com/kendricklamar\nhttps://www.facebook.com/kendricklamar\n\n#KendrickLamar #squabbleup #GNX', 70965585, 166, '2:46', 'False', 10, 36),
	(37, 'ROLE MODEL - Sally, When The Wine Runs Out (Official Music Video)', 'ROLE MODEL - Sally, When The Wine Runs Out (Official Music Video)', '‘Kansas Anymore (The Longest Goodbye)’ out now -\nhttps://rolemodel.lnk.to/KansasAnymoreTLG\n\nConnect w/ ROLE MODEL-\nWebsite - https://www.heyrolemodel.com\nOfficial Store - http://shop.heyrolemodel.com\nTour Dates - http://www.heyrolemodel.com/tour\nNewsletter - https://www.heyrolemodel.com/newsletter\nInstagram - https://www.instagram.com/rolemodel/\nTikTok - https://tiktok.com/@rolemodel\nTwitter - https://twitter.com/rolemodel\nFacebook - https://www.facebook.com/heyrolemodel/\nSoundcloud - https://soundcloud.com/heyrolemodel\nSpotify - https://spoti.fi/4b90fB9\nApple Music - https://apple.co/3kyL3pE\n\nDirector: Neema Sadeghi + Tucker Pillsbury\nProduction Co: Typeface\nEP: Aiden Magarian\nProducer: Mikey Nicholas\nDP: Neema Sadeghi\nB Cam Op: Gabe Knoos-Newton\n1st AC A Cam: Connor Lambert\n1st AC B Cam: Ethan Smith\nPA: Damien Pettway\nPA: Jen Gouchoe\nEditor: Ethan Frank\nColor: Dylan Hageman\nVFX: Zeke Faust, Joey Deutsch\nAddl. VFX: Ethan Frank\nProp Design: Randi Cass\nPoster Design: Andrey Azizov\nInterscope: Christiana Divona, Alyssa Kamalski\nFilmed at Beverly Center https://beverlycenter.com\n\n“Sally, When The Wine Runs Out” Lyrics: \nWell, I met Sally at a late night dive bar\nShe don\'t dance but she downs her drinks\nHeard through a friend she\'s a born again wild card\nShe was telling me wild things\nShe was telling me wild things\nLives down the street past the 7-Eleven \nJust close enough that I spent the night\nShe grabbed my hand at the intersection\nI spilled my guys at the red light\n \nSally\nThat feeling’s coming around\nPlease don\'t go falling in love\nThen disappear when the wine runs out\nSally\nI\'ll buy a couple of rounds\nDon\'t let me think I’m enough\nThen disappear when the wine runs out\n \nI open up while she\'s flipping through pages\nGetting lonely as the days get dark\nIf you’re bored and your mind starts changing\nMaybe just give me a head start\nAnd I, I see the glass in your eyes\nJust trying to keep it alive, for crying out loud\n \nSally\nThat feeling’s coming around\nPlease don\'t go falling in love\nThen disappear when the wine runs out\nSally\nI\'ll buy a couple of rounds\nDon\'t let me think I’m enough\nThen disappear when the wine runs out\n \nOh shit here we go again\nI\'m falling headfirst\nAnkles hit the two step\nSally makes my head hurt\nHeard through the grapevine\nShe can be diva\nCold like Minnesota\nHotter than a fever\nOh shit here we go again\nI\'m falling headfirst\nAnkles hit the two step\nSally makes my head hurt\nHeard through the grapevine\nShe can be diva\nCold like Minnesota\nHotter than a fever\n \nSally\nThat feeling’s coming around\nPlease don\'t go falling in love\nThen disappear when the wine runs out\nSally\nI\'ll buy a couple of rounds\nDon\'t let me think I’m enough\nThen disappear when the wine runs out\n\n#RoleModel #KansasAnymore #Sally \n\nMusic video by ROLE MODEL performing Sally, When The Wine Runs Out.© 2025 Interscope Records', 7550110, 222, '3:42', 'False', 27, 37),
	(38, 'ROSÉ - toxic till the end (OFFICIAL MUSIC VIDEO)', 'ROSÉ - toxic till the end (OFFICIAL MUSIC VIDEO)', '\'rosie\' - the first studio album by ROSÉ - out now\ndownload/stream: http://rosesarerosie.lnk.to/rosieID\n\nROSÉ store exclusive \'rosie\' vinyl, cd\'s, and more available now: http://rosesarerosie.lnk.to/storeID\n\nFollow ROSÉ:\nhttps://www.instagram.com/roses_are_rosie\nhttps://www.tiktok.com/@roses_are_rosie \nhttps://x.com/numberonehq\nhttps://www.facebook.com/rosesarerosieofficial\nhttps://www.rosesarerosie.com/\n\nLyrics: \nCall us what we are\nToxic from the start\nCan’t pretend that I was in the dark \nWhen you met my friends\nDidn’t even try with them\nI should’ve known it then that you were\n\nJealous and possessive \nSo manipulating \nHonestly impressive\nYou had me participating\n\nBack then\nWhen I was running out of your place I said\nI never wanna see your face\nAnd then\nI couldn\'t wait to see it again\nWe were toxic till the end\n\nUh huh\nCuz even when I said it was over\nYou heard Baby can you pull me in closer You were\nPlotting how to stay in my head\nWe were toxic till the end\n\nLadies & Gentleman\nI present to you, the ex\n\nHis favorite game is chess\nWho would ever guess\nPlaying with the pieces in my chest \nNow he’s on the screen\nSaying don’t leave\nYou stole that line from me\nCuz you’re just\n\nJealous and possessive\n So manipulating \nHonestly impressive\nYou had me participating\nBack then\nWhen I was running out of your place I said\nI never wanna see your face\nI meant\nI couldn\'t wait to see it again\nWe were toxic till the end\n\nUh huh\nCuz even when I said it was over\nYou heard Baby can you pull me in closer \nYou were\nPlotting how to stay in my head\nWe were toxic till the end\n\nEnd end\n\nI can forgive you for a lot of things\nFor not giving me back my Tiffany rings \nI’ll never forgive you for one thing my dear\nYou wasted my prettiest years\nBack then\nWhen I was running out of your place I said\nI never wanna see your face\nI meant\nI couldn\'t wait to see it again\nWe were toxic\n\nUh huh\nCuz even when I said it was over\nYou heard Baby can you pull me in closer You were\nPlotting how to stay in my head\nWe were toxic till the end\n\nEnd end\nWe were toxic till the end \nEnd end\n\n#ROSÉ #toxictilltheend #rosie #ROSIÉ_rosie #rosiebyROSÉ', 112391296, 234, '3:54', 'False', 1, 38),
	(39, 'Chappell Roan - Good Luck, Babe! (Official Lyric Video)', 'Chappell Roan - Good Luck, Babe! (Official Lyric Video)', 'Stream to “Good Luck, Babe!” now: https://ChappellRoan.lnk.to/GoodLuckBabeSingle\nListen to "The Rise and Fall of a Midwest Princess" now: https://chappellroan.lnk.to/TheRiseandFallofaMidwestPrincess\n \nDirector: Chappell Roan\nProducer: Cristobal Saez\n \nSubscribe for more official content from Chappell Roan: https://ChappellRoan.lnk.to/SubscribeID\n \nConnect with Chappell Roan:\nhttp://iamchappellroan.com\nhttps://facebook.com/chappellroan\nhttps://instagram.com/chappellroan\nhttps://twitter.com/chappellroan\nhttps://soundcloud.com/chappellroan\nhttps://www.tiktok.com/@chappellroan\nhttps://laylo.com/chappellroan\n \n#ChappellRoan #GoodLuckBabe\n \nLYRICS\n \nIt’s fine, it\'s cool\nYou can say that we are nothing but you know the truth\nAnd guess i\'m the fool\nWith her arms out like an angel through the car sunroof\n\nI don\'t wanna call it off\nBut you don\'t wanna call it love\nYou just wanna love someone who calls you baby\n\nYou can kiss a hundred boys in bars\nShoot another shot, try to stop the feeling\nYou can say it\'s just the way you are\nMake a new excuse another stupid reason\nGood luck, babe! Well good luck, babe!\nYou’d have to stop the world just to stop the feeling\nGood luck, babe! Well good luck, babe!\nYou’d have to stop the world just to stop the feeling\n\nI’m cliche \nWho cares \nIt\'s a sexually explicit kind of love affair\nAnd i cry, it\'s not fair\nI just need a little lovin’  i just need a little air \n\nThink im gonna call it off\nEven if you call it love\nI just wanna love someone who calls me baby\n\nYou can kiss a hundred boys in bars\nShoot another shot, try to stop the feeling\nYou can say it\'s just the way you are\nMake a new excuse another stupid reason\nGood luck, babe! Well good luck, babe!\nYou’d have to stop the world just to stop the feeling\nGood luck, babe! Well good luck, babe!\nYou’d have to stop the world just to stop the feeling\n\nAnd when you wake up next to him in the middle of the night\nWith your head in your hands you’re nothing more than his wife \nAnd when you think about me all of those years ago\nYou\'re standing face to face with ""i told you so""\nYou know I hate to say , i told you so\nYou know i hate to say it but, i told you so\nWell i told you so \n\nYou can kiss a hundred boys in bars\nShoot another shot, try to stop the feeling\nYou can say it\'s just the way you are\nMake a new excuse another stupid reason\nGood luck, babe! Well good luck, babe!\nYou’d have to stop the world just to stop the feeling\nGood luck, babe! Well good luck, babe!\nYou’d have to stop the world just to stop the feeling\nYou’d have to stop the world just to stop the feeling\nYou’d have to stop the world just to stop the feeling\nYou’d have to stop the world just to stop the feeling\n\nMusic video by Chappell Roan performing Good Luck, Babe! (Lyric Video). Amusement Records; © 2024 KRA International Inc., under exclusive license to Island Records, a division of UMG Recordings, Inc.\n\nhttp://vevo.ly/12n3uj', 118077070, 218, '3:38', 'False', 28, 39),
	(40, 'LISA - NEW WOMAN feat. Rosalía (Official Music Video)', 'LISA - NEW WOMAN feat. Rosalía (Official Music Video)', 'LISA feat. Rosalía “New Woman” - https://lisa.lnk.to/NewWoman \n\nFollow LISA:\nhttp://www.instagram.com/lalalalisa_m \nhttps://www.tiktok.com/@lalalalisa_m \nhttps://www.youtube.com/@lalalalisa_m\n\nFollow Rosalía:\nhttps://www.instagram.com/rosalia.vt\nhttps://www.tiktok.com/@rosalia\nhttps://www.facebook.com/rosalia.vt\nhttps://www.youtube.com/@rosalia \n\nFollow WeAreLLOUD:\nhttp://www.instagram.com/wearelloud \nhttps://www.tiktok.com/@wearelloud \nhttp://www.facebook.com/wearelloud \nhttps://www.youtube.com/@wearelloud\n\nCredits:\nArtist: Lisa @lalalalisa_m , Rosalia @rosalia.vt\nDirector: Dave Meyers @davemeyers\nVideo commissioner/label producer: Camille Yorrick @ellymack\nProduced by Nathan Scherrer @freenjoy \nArtist management: LLOUD @wearelloud\nLabel: LLOUD Co. / RCA Records @rcarecords @wearelloud\n\nVisual content production: Sam Houston @samhoustonishere, Karina Lopez @karinajlopezz \nSVP head of marketing: Val Pensa @valpensa\nSr. marketing director: Gina Messeri @ginamesseri\nDirector rep: lark creative @larkcreative\nProd company: freenjoy @freenjoy \n\nCinematographer: Scott Cunningham @scottcunninghamdp\nProduction designer: Luke Carr @wolfdiamond\nB unit director: Daniel Russell @danielrussellx\nProduction manager: Giulia Di Stravola @rozengiu\nEditor: Amanda James at final cut UK @finalcutedit\nColourist: Dante Pasquinelli at ethos @dantegiani @ethos_studios\nVFX: mathematic @mathematic.tv\nAdditional VFX: hush vfx @hush_vfx\n\nLISA stylist: Nista ‘Nan’ Permpoon @nanist\nLISA video stylist: Georgia Pendlebury @georgia.pendlebury\nLISA hair artist: Hyeyeon Jang @janghyeyeon_\nLISA makeup artist: Jiyeon Kim @2nakimm\n\nRosalía stylist: Lorenzo Posocco @lorenzoposocco\nRosalía hair artist: Dimitris Giannetos @dimitrishair\nRosalía makeup artist: Shelby Smith @shelbysmithmakeup\n\nCast stylist: Marta Del Rio @marta.del.rio\nCast hair: Caitlin Wronski @catwron\nCast makeup: Kayli Rachelle @kayli_rachelle\n\nLyrics:\n[LISA]\nHere I go\nBanging it banging it wanna crack these walls\nBanging it banging it wanna echo through the halls\nPulling up fresh face brand new día\nUh Lalisa & Rosalia\n\nSoak up, all new\nSo I cut\nI go go to the root\nOff to bloom yeah\nPurple into gold\nPain has come and gone again\nWalked through that fire rediscover ah ah\n\nHit it when I serve\nBitch you better swerve\nRevving up my au au au aura\nFocus on my mind\nTaking my-y time\nI’m a new woman \nWoman\nBitch you better swerve\nRevving up my au au au aura\nFocus on my mind\nTaking my-y time\nI’m a new woman\nWoman\nFace eyes body go wild\nYou want this? I’m a new woman, woman\nEyes, I’m all about mind \nYou want this?\nI’m a new woman, woman\n\n[ROSALÍA]\nPor todo lo que soy\nyo puedo frontear\nno por lo que tenga\nsiempre me la dan\nY mi energía\ninmaculada\nbajo perfily tu estás fuera\n\nVivo pa cantar \nno canto pa vivir\nnací pura así\nNi una era será un flop\nen mi porvenirputa soy la Rosalía\nsolo sé server\nLa noche estrellada\nAsí seaHasta la madrugada\nque así sea\n\nPurple into gold\nPain has come and gone again\nWalked through that fireI rediscover ah ah\n\nYo le meto duro\nSale bien seguro\nAcelero mi aura\nYo estoy enfocada\nNo presiona nada\nI\'m a new woman woman\nSale bien seguro\nAcelero mi aura\nYo estoy enfocada\nNo presiona nada\nI\'m a new woman woman\n\n[LISA]\nFace eyes body go wild\nYou want this? I’m a new woman, woman\nEyes, I’m all about mind\nYou want this?\n\nGimme that gimme that\nAlpha yuh\nGimme that bigger the better urgh\nFeeding you the bloom growing out ma sleeve\nKissed from a rose baby what a what a meal\n\nBad luck a sucker\nGotta make you tougher\nTryna say you suffer\nOh don’t blame your mother\nElevate I liberate a new frontier\nI’m a new woman\n\n#LISA #Rosalia #NEWWOMAN', 174553002, 191, '3:11', 'False', 12, 40),
	(41, 'Ed Sheeran - Azizam (Official Music Video)', 'Ed Sheeran - Azizam (Official Music Video)', '\'Azizam\' out now: https://es.lnk.to/azizamYC\n\nMore from Azizam: https://www.youtube.com/playlist?list=PLjp0AEEJ0-fHPcd8kayQGMdKv5mppM0QH\n\nBrand new album \'Play\' out now: https://es.lnk.to/play\n\nSubscribe to Ed\'s channel: http://bit.ly/SubscribeToEdSheeran\n\nFollow Ed on...\nInstagram: http://instagram.com/teddysphotos\nTikTok: https://www.tiktok.com/@edsheeran\nFacebook: http://www.facebook.com/EdSheeranMusic\nTwitter: http://twitter.com/edsheeran\nDiscord: http://discord.gg/edsheeran\nOfficial Website: http://edsheeran.com\n\nCredits\nWritten and Directed by: Saman Kesh @saman_kesh\nhttps://www.samankesh.com\nCommissioner: Dan Curwin @dancurwin\nProducer: Nicole Powell @nicolepow\nProduction Company: 42 Branded @42_branded\nExecutive Producers: Otis Bell @otisob1 and Clancie Brennan @clancie_brennan\nDirector of Photography: Kaname Onoyama @kaname.onoyama\nAddit’l Cinematography (LA): Omer Ganai @omerganai\nChoreographer: Charlie Mayhew @charliemayhew_\n1st AD: James Amos\nPM: Guy Fuhrer @guyfuhrer (UK) / Bria Wentzel @freetobria (LA)\nProduction Designer: Ricky Eyres @echoartists\nEd Sheeran Styling &amp; Grooming: Liberty Shaw @libertyshaw_stylist\nEd Sheeran Styling: Hilary Owen @hilary_owenstylist\nFood Stylists: Hami Sharafi @igotitfrommymaman Tanya Sadourian @tanyasadourian\nCostume Designer: Natalie Humphries @echoartists\nAdditional Styling (LA): @rachel_olsonn\nMakeup and Hair Lead: Ameneh Mahloudji\nCasting: @lanecastinguk @charliemayhew_\nEditor: Emma Blackman / Cartel @ecblackman @cartel.tv\nVFX: Territory Studio @territorystudio\nSound: Aaron Taffel @aarontaffel\nColourist: Luke Morrison / ETC @thehux @electrictheatrecollective6082 \n\nStarring:\nGoogoosh @googoosh\nAndy @andymusic1\nOmid Djalili @omiddjalili\nShervin Alenabi @shervinalenabi\nEyelar @eyelarx\nIlya Salmanzadeh @ilya_music\n\n--\nAzizam Lyrics:\n\nAzizam\nMeet me on the floor tonight\nShow me how to move like the water\nIn between the dancing lights\nBe mine be mine\nAzizam\n\nI wanna be nowhere but here with you now\nI wanna be one in this space\nI wanna be tangled and wrapped in your cloud\nI wanna be close to your face\n\nWell tomorrow can wait\nLosing time in this place\nTill the sun is awake\nBe like a magnet on me\n\nI don’t care what they say\nWe can do it our way\nAnd if love’s just a game\nThen come and play\n\nAzizam\nMeet me on the floor tonight\nShow me how to move like the water\nIn between the dancing lights\nBe mine be mine\nAzizam\n\nAzizam\nAzizam\n\nI wanna get lost in your ocean and drown\nI wanna be careless and free\nI wanna live here in the moment we found\nI wanna be all that you see\n\nWell tomorrow can wait\nLosing time in this place\nTill the sun is awake\nBe like a magnet on me\n\nI don’t care what they say\nWe can do it our way\nAnd if love’s just a game\nThen come and play\n\nAzizam\nMeet me on the floor tonight\nShow me how to move like the water\nIn between the dancing lights\nBe mine be mine\nAzizam\n\nAzizam\nMeet me on the floor tonight\nShow me how to move like the water\nIn between the dancing lights\nBe mine be mine\nAzizam\n\nAzizam\nAzizam\nAzizam', 34415168, 207, '3:27', 'False', 6, 41),
	(42, 'PJ - The Real Thing', 'PJ - The Real Thing', 'PJ - The Real Thing\n\nConnect with PJ!\nhttps://justpj.com\n\nListen to PJ!\nhttps://linktr.ee/PJLand', 17943, 239, '3:59', 'False', 29, 42),
	(43, 'sombr - back to friends (official video)', 'sombr - back to friends (official video)', 'Download/Stream: https://sombr.lnk.to/backtofriends\n\nFollow sombr: \nInstagram: https://www.instagram.com/sombr/\nTikTok: https://www.tiktok.com/@sombr\nWebsite: https://sombrmusic.com\n\nCredits:\nDirector/DP/Editor: Gus Black\nProducer: Lukas Lennon\nExecutive Producer: Kelly Norris Sarno\n1st AC: Mitchell Guynan\nGaffer: Gurvir Riar\nKey Grip: Ronald Seiter\nProduction Designer: Nick Pillot\nStylist: Brittny Moore\nGrooming: Sophia Erickson\nPA: Redamo Rosa\nPA: Maria Corso\nPA: Grace Stromatt\nVideo Commissioner: Devin Sarno\nFeaturing: Charlotte D\'Alessio\n\nLyrics:\nTouch my body tender\n\'Cause the feeling makes me weak\nKicking off the covers\nI see the ceiling while you\'re looking down at me\n\nHow can we go back to being friends\nWhen we just shared a bed?\nHow can you look at me and pretend\nI\'m someone you\'ve never met?\n\nIt was last December\nYou were layin\' on my chest\nI still remember\nI was scared to take a breath, didn\'t want you to move your head\n\nHow can we go back to being friends\nWhen we just shared a bed? (Yeah)\nHow can you look at me and pretend\nI\'m someone you\'ve never met?\n\nThe devil in your eyes\nWon\'t deny the lies\nYou\'ve sold, I\'m holding on too tight\nWhile you let go, this is casual\n\nHow can we go back to being friends\nWhen we just shared a bed? (Yeah)\nHow can you look at me and pretend\nI\'m someone you\'ve never met?\n\nHow can we go back to being friends\nWhen we just shared a bed? (Yeah)\nHow can you look at me and pretend\nI\'m someone you\'ve never met?\nI\'m someone you\'ve never met (yeah)\n\n#sombr #backtofriends', 47392334, 202, '3:22', 'False', 30, 43),
	(44, 'Jackson Wang - Made Me a Man (Official Music Video)', 'Jackson Wang - Made Me a Man (Official Music Video)', 'MAGICMAN 2 Out Now: https://TEAMWANG.lnk.to/MAGICMAN2 \n\nFollow Jackson Wang\nInstagram: https://TEAMWANG.lnk.to/JacksonWangIG \nTikTok: https://TEAMWANG.lnk.to/JacksonWangTT \nTwitter/X: https://TEAMWANG.lnk.to/JacksonWangTW \nFacebook: https://TEAMWANG.lnk.to/JacksonWangFB \nYouTube: http://TEAMWANG.lnk.to/YouTube \nWeibo: http://weibo.com/jacksonwangG7 \n\nFollow TEAM WANG records \nInstagram: http://smarturl.it/TEAMWANGIG \nTwitter: http://smartURL.it/TEAMWANGTW \nYouTube: http://smarturl.it/TEAMWANGYT \n\nCREDITS:\nWritten By: Jackson Wang\nDirector: Mamesjao\nExecutive Creative Director: Jackson Wang\nExecutive Producer: Rox, Peter Yoon\nProducer: Peng Liang\nLine Producer: Ronie\nDirector of Photography: Bei Er\nSteadicam Photographer:Yu Zhang\n\n1st Assistant Camera: Yuke Jiao\nGaffer: Kang Wang\nBest Boy Electric: Kun Liu\nArt Director: LuTou\nSet Decorator: Alley\nProps Master: Liang Liu\nDIT: Yu Hang\n\nPost Production: SiYu Chen\nEditor: YaCheng Guo\nColorist: Guangyao\nCG & VFX: LiPing Jiang\nPhotographer: Dai Xiaoyi\nBTS Photographer: Taotao Li\nProduction Company: Couch Potato\n\nTEAM WANG records:\nCEO: Jackson Wang\nPresident: Choi Yi Kwan\nChief Creative Officer: Peter Yoon\nMarketing Director: Dinos Yuan\nProject Coordinator: Peggy Chen\nHair Artist: Han Lee\nMake-Up Artist: Hayeon Lee\n\n#JACKSONWANG #MAGICMAN2 #MadeMeaMan #TEAMWANG', 40129974, 235, '3:55', 'False', 31, 44),
	(45, 'David Guetta & Sia - Beautiful People (Official Video)', 'David Guetta & Sia - Beautiful People (Official Video)', 'Add "Beautiful People” by David Guetta & Sia to your Playlist ▶ :\nhttps://davidguetta.lnk.to/beautifulpeopleID\n\nSubscribe to be notified for new videos ➡️ https://davidguetta.lnk.to/YouTube\n\n#davidguetta #sia #beautifulpeople \n\nDavid Guetta & Sia - Beautiful People\n(David Guetta, Sia Furler, Tor Erik Hermansen, Mikkel Eriksen, Timofey Reznikov)\nProduced by David Guetta, Stargate & Timofey Reznikov\nMixed & mastered by Timofey Reznikov\nPublishers: JackBack Publishing Ltd, admin by Write Here Music (SACEM) and Reservoir Music (ASCAP); EMI Publishing Ltd; Copyright Control\n(P) & (C) 2025 What A DJ Ltd, Under License to Warner Music UK Limited\n\n----\nDirected by Daniel Askill\n\nA SERIAL PICTURES Production\n\nExecutive Producer:  Violaine Etienne\nExecutive Producer:  Sara Greco\nHead of Production:  JP Colombo\nLine Producer:  Christopher Lopez\n\nCinematography:  Todd Martin\n\nFeaturing Jacob Jonas The Company\n\nChoreographer: Jacob Jonas\nArt Director/Assistant Choreographer: Emma Rosenzweig-Bock\nChoreographer Producer: Jill Wilson\n\nDancers: James Blackston, Baptista Kawa, Marissa Labog, Alyse Rockett, Jill Wilson, Jarrett Yeary, Emma Rosenzweig-Bock\n\nCasting by Sarah Meital Benjamin & Memoria Di Casting\n\nAdditional Cast:\nAmbiki Nuggihalli\nAlla Kerimova\nJonathan Toeuth\nGraydon Miller\nALX\nAdinula Elijah Ikem\nPauline\n\nProduction Supervisor:  Roland Berry\n1st AD:  Todd Kaufman\n2nd AD:  Carl Jackson\n\n1st AC:  Ezra Bassin-Hill\n2nd AC:  Natalie Fong\n2nd AC:  Jackie Briehan\nDIT:  Tim Balcomb\n\nGaffer:  Eric Fahy\nBB Electric:  Louis Sandoval\nElectric:  Michael Laviolette\n\nKey Grip:  Robert Exner\nBest Boy Grip:  Alex Aligo\nGrip:  Craig Price\nGrip:  Tiara Olson\nGrip:  Wilson Sun\n\nStunt Coordinator:  Patrick Romano\nStunt Rigger:  Duane Burkhart\nStunt Rigger:  Chris O\'Hara\nStunt Rigger:  Cy Romano\n\nProduction Design:  Hermosa Kustoms\nProduction Designer:  Dustin Grabiner\nSet Dresser:  Keith Woolf\nSet Decorator:  Alana Purcell\nPicture Car Driver:  Kevin Morgan\n\nCreative Styling Direction:  Carolina Orrico\nStyling Execution on Set:  Natalia Zamudio\nStyling Asst:  Laura James\n\nHair Stylist:  Sophia Flores\nHair Assist:  Carisa Arellano\n\nMakeup by Zaheer Sukhnandan\nMakeup Assist:  Lily Nalbandyan\nMakeup Assist:  Justine Fang\n\nCrane and Remote Head Support - Cranium Inc.\nHead Tech:  Miles Lewis\n1st Tech:  Alex Nunez\n\nPatriot Camera Cars\nPatriot Car Tech:  Aaron Hammel\n\n\nVTR:  Adam Delgado\nPlayback:  Justin Johnson\n\nLocation Manager:  Kieron Estrada\n\nEditor:  Lorin Askill\n\nVFX Supervisor:  Kyle Weightman\nVFX:  HIMIA\nColorist:  Mikey Rossiter\nSound Design by Q Department\nGraphics:  Jeff Burch\nSet Photography:  Joshua Geyer\n\nCraft Service:  Elsa Craft Service\n\nMedic:  Alejandro Rico\n\nPA:  Joel Schwartz\nPA:  Alicia Portales\nPA:  Meredith Brown\nPA:  Ned Cooper\nPA:  Hank Hartnell\nPA:  Matis Staggs\n\nShot on location at City Market of Los Angeles.\n\nFilmed with Panavision Cameras & Lenses\n\nSpecial Thanks to \n\nRARE MEDIUM \nRIK DELISLE @ PANAVISION\nFILM LA \nCITY OF LOS ANGELES\n-----\nFollow David Guetta:\nInstagram: https://www.instagram.com/davidguetta/\nTikTok: https://www.tiktok.com/@davidguetta\nX: https://x.com/DavidGuetta\nFacebook: https://www.facebook.com/DavidGuetta/\nWebsite: https://davidguetta.com/\n\nFollow Sia:\nInstagram: https://www.instagram.com/siamusic/\nTikTok: https://www.tiktok.com/@sia\nX: https://x.com/sia\nFacebook: https://www.facebook.com/siamusic\nWebsite: https://www.siamusic.net', 41075369, 204, '3:24', 'False', 32, 45),
	(46, 'The Weeknd - São Paulo (Official Music Video)', 'The Weeknd - São Paulo (Official Music Video)', 'FULL SONG NOW LIVE ON ALL STREAMING PLATFORMS: http://theweeknd.co/SaoPaulo\n\nPre order The Weeknd’s upcoming album ‘Hurry Up Tomorrow’: http://theweeknd.co/HurryUpTomorrow\n\nCredits:\nDirected by Freeka Tet\nDOP : Ben Carey\nProduced by Phantasm\nExecutive Producers: Gary Farkas & Camille Richardeau\nLabel : Republic Records\n\nChoreographer/ Movement Coach: Monica Mirabile  \n\nPuppeteer: Freeka Tet\nBelly concept & design: Freeka Tet\nBelly Sculpture: Manny Lemus  \nAnimatronics: Ben Bayouth\nMech onset assistant + 3d: Alex Hollenbach\nStylist & Custom robe: Perla Haney-Jardine\n\nPost Production: Mirage\nEP/Founder: Maxime Dabel\nEditor: Freeka Tet\nColorist: Nicolas Gauthier\nCompositing: Yann Masson\nCGI Artist: Julien Missaire\nEdit assistant: Yoan Allais Ferreira\n\nService production: 2x2=5\nExecutive Producer: Josh Sondock\nProducer: Brooke Eliot\nProduction Coordinator: Amy Teboul\n\n1st AD: Shad Melvin\n2nd AD: Emma Skakel    \n1st AC: DJ Carroll    \n2nd AC/Media Manager: Jeanna Canatsey    \nGaffer: Luke Becker-Lowe    \nKey Grip: George Haley      \nMUA: Allan Aponte, Meeza Generoso      \nKey Hair: ANDREW LY    \n\nLocation Manager: Jennifer Quesenbery    \nLocation Assistant: Cole McClendon\n\nSpecial thanks to Anitta, Daniel Lopatin, Robin Lavaud, Mathilde Prud’homme, Victoire Bouchayer, Anna Eva Sieger, Martyna Wieczorek \n\n#TheWeeknd #Anitta #SãoPaulo', 48615120, 209, '3:29', 'False', 33, 46),
	(47, 'RAAHiiM feat. BEAM - WiiCKEDEST (Official Visualizer)', 'RAAHiiM feat. BEAM - WiiCKEDEST (Official Visualizer)', '#RAAHiiM #BEAM #RNB #REGGAE #AFROBEATS #WIICKEDEST\n \nStream/Download "WiiCKEDEST" \nhttps://raahiim.lnk.to/wiickedest\n \nFollow RAAHiiM\nFacebook:https://www.facebook.com/raahiimfanpage/\nInstagram:https://www.instagram.com/raahiimmusic/?hl=en\nTikTok: https://www.tiktok.com/@raahiimmusic\nTwitter: https://x.com/Raahiimmusic\n \nStream RAAHiiM\nApple Music profile page: https://music.apple.com/us/artist/raahiim/1539090681   \nSpotify profile page: https://open.spotify.com/artist/5Bo5WRNdz8ZOSVA6nJs5M9?si=ypGjCbTCRLiZ9Oz1MM-r6Q \nYouTube Profile: https://www.youtube.com/@raahiim\nSoundcloud Profile: https://soundcloud.com/raahiim\nPandora Profile: https://www.pandora.com/artist/raahiim/ARzkxxdjZqhPgKg\nAmazon Profile: https://music.amazon.com/artists/B08NHPLFQN/raahiim \nTidal Profile: https://tidal.com/browse/artist/22069313', 188724, 220, '3:40', 'False', 34, 47),
	(48, 'David Guetta & OneRepublic - I Don\'t Wanna Wait (Official Video)', 'David Guetta & OneRepublic - I Don\'t Wanna Wait (Official Video)', 'Listen to “I Don\'t Wanna Wait” by David Guetta & OneRepublic:\nhttps://davidguetta.lnk.to/IDontWannaWait\n\nSubscribe to be notified for new videos ➡️ https://davidguetta.lnk.to/YouTube\n\n#davidguetta #OneRepublic #IDontWannaWait\n\nDavid Guetta & One Republic - I Don’t Wanna Wait\n(David Guetta, Dan Balan, Timofey Reznikov, Gregory Aldae Hein, Jakke Erixson, Michael Pollack, Josh Varnadore, Tyler Spry, Ryan Tedder, Brent Kutzle)\nProduced by David Guetta, Jakke Erixson, Tyler Spry, Brent Kutzle & Timofey Reznikov\nMixed by Serban Ghenea at MixStar Studios, Virginia Beach, VA\nMastered by Chris Gehringer, assisted by Will Quinnell at Sterling Sound\nLead Vocals by Ryan Tedder\nBackground Vocals by Brent Kutzle, Fraser Churchill, Josh Varnadore, Tyler Spry\nProgramming by Tyler Spry, Brent Kutzle, David Guetta, Timofey Reznikov\nAdditional programming and keyboards by Jakke Erixson\nPiano by Brent Kutzle, Tyler Spry\nGuitar by Tyler Spry\nAdditional Guitar by Simon Oscroft\nEngineered by Joe Henderson, Tyler Spry, Rich Rich\nPiano Engineered by Hubertus Dahlem\nVocal Production by Joe Henderson, Tyler Spry\nRecorded at Soho House (Berlin, Germany)\nPublishers: JackBack Publishing Ltd, admin by Write Here Music (SACEM) and Reservoir Music (ASCAP); EMI Music Publishing Ltd; Copyright Control; Wide Eyed Global/These are Pulse Songs (BMI), admin by Concord Music Publishing; Artist 101 Publishing Group (BMI), admin by Songs of Kobalt Music Publishing (BMI); What Key Do You Want It In Music (BMI), Songs With A Pure Tone (BMI) and Warner-Tamerlane Publishing Corp. (BMI); Marker 42/Baxter House Writers; Runner Music Runnertunes/Baxter House Writers/Songs About Stuff (ASCAP); Singles Only Please (GMR) and Sony Pop Music Publishing (GMR); Acornman Music, admin by Downtown Music Publishing LLC (GMR)\nContains elements from "Dragostea Din Tei" (Balan). Published by EMI Music Publishing Ltd. Used by permission. All rights reserved.\n(P) & (C) 2024 What A DJ Ltd, Under License to Warner Music UK Limited\n\nLyrics:\nLet’s make tonight the weekend\nI don’t wanna wait - I don’t wanna wait - I don’t wanna wait\nGot no reason not to celebrate\nBaby I just don’t wanna wait\n\nSwimming in the deep blue\nGot me thinking bout you\nI’m just tryna dive right in\nWanna spend tonight like\nThe last night of our lives\nChasing all the love we can\n\nAnd now oh I’m in a sea of lights\nAnd all that I can see is you\nAnd now I’m dying to feel alive\nSo baby let’s try something new\n\nLet’s make tonight the weekend\nI don’t wanna wait - I don’t wanna wait - I don’t wanna wait\nGot no reason not to celebrate\nBaby I just don’t wanna wait\n\nI been chasing so long\nEvery right that feels wrong\nRather be with you instead\nThere’s something bout it right here\nGot me seeing so clear\nRainbow colored skies ahead\n\n-----\nThe Monolith, an original and unique creation\n© Guetta Events SARL, June 4th 2023\nAll intellectual property rights reserved\n-----\nFollow David Guetta:\nInstagram: https://www.instagram.com/davidguetta/\nTikTok: https://www.tiktok.com/@davidguetta\nTwitter: https://twitter.com/DavidGuetta\nFacebook: https://www.facebook.com/DavidGuetta/\nWebsite: https://davidguetta.com/\n\nFollow OneRepublic:\nInstagram: https://www.instagram.com/onerepublic/\nTikTok: https://www.tiktok.com/@onerepublic\nTwitter: https://twitter.com/OneRepublic\nFacebook: https://www.facebook.com/OneRepublic\nWebsite: https://www.onerepublic.com/', 108529744, 155, '2:35', 'False', 32, 48),
	(49, 'Drake - NOKIA (Official Music Video)', 'Drake - NOKIA (Official Music Video)', 'Music video by Drake performing NOKIA (Official Music Video).2025 OVO Sound under exclusive license to Santa Anna Label Group and OVO under exclusive license to Republic Records, a division of UMG Recordings', 39114736, 265, '4:25', 'False', 35, 49),
	(50, 'The Weeknd - Cry For Me (Official Music Video)', 'The Weeknd - Cry For Me (Official Music Video)', 'Music video by The Weeknd performing Cry For Me.© 2025 The Weeknd XO Music ULC, marketed by Republic Records, a division of UMG Recordings, Inc.', 40322577, 245, '4:05', 'False', 33, 50),
	(51, 'Tate McRae - Sports car (Official Video)', 'Tate McRae - Sports car (Official Video)', 'Tate McRae’s new album, ‘So Close To What’ is out now. Listen here: https://tatemcrae.lnk.to/soclosetowhat    \nShop vinyl, CDs, cassettes and more: https://tatemcrae.lnk.to/Store     \nThe Miss Possessive 2025 World Tour is coming to a city near you! Get tickets here at https://www.tatemcrae.com/\n\nFollow Tate: \nInstagram: https://www.instagram.com/tatemcrae/           \nTikTok: https://www.tiktok.com/@tatemcrae       \nFacebook: https://www.facebook.com/TateMcRaeOfficial/    \nX: https://twitter.com/tatemcrae    \nWebsite: https://www.tatemcrae.com/ \n\nFollow T8HQ: \nInstagram: https://www.instagram.com/t8hq  \nTikTok: https://www.tiktok.com/@t8hq  \nYouTube: https://www.youtube.com/channel/UCc_pOZqsOpqSmC16dltYwxw  \nThreads: https://www.threads.net/@t8hq  \n\nCredits: \nDirector - Bardia Zeinali\nProduction Company - Anon Content\nExecutive Producer - Nina Soriano\nHead of Production - Ena Nicole Abadjian \nProducer - Jake Agger\nDirector of Photography - Marcell Rev\nProduction Designer - Brielle Hubert\nChoreography - Sean Bankhead\nFirst AD - Boma Pennebaker\nProduction Supervisor - Eliza Padden\nProduction Coordinator - Asia Gold\nFirst AC - Dan Schroer\nSecond AC - Jonathan Clark\nGaffer - Danny Durr\nKey Grip - Marlow Nunez\nArt Dept Coordinator - Dröfn Ösp Snorradóttir "DD" Rozas\nSet Decorator - Sandy Hubhsman\nLead Man - Francesco Obrien\nProp Master - Paul McCaffrey\nOn Set Dresser - Jenny Situ\nSet Dresser - Henry Costello\nMakeup - Lilly Keys\nMakeup Assistant - Micaela Cleary\nHair - Chad Wood\nHair Assistant - Maria Pelo\nWardrobe - Brett Alan Nelson\nNail Tech - Analysse Hernandez\nBTS - Beth Saravo & Ava Lamb\nPost House - Modern Post \nEditor - Will Town \nPost Producer: Lauren Avallone\nEdit Assists: Max Freiman, Robert Laird\nHead of Production: Weston Ver Steeg\nExecutive Producer: Christina Mansi\nManaging Director/EP: Charlyn Derrick\nColor House - Ethos Studio \nColor - Dante Giani \nColor producer: Nat Tereshchenko\nColor assists: Annie Cater + Alexandra Makarenko\nHead of Production: Natasha Sattler\nExecutive Producer: James Drew\nManaging Director/EP: Eliana Carranza-Pitcher\nVFX: New Compositions New Compositions Studio \nVFX Producer / Supervisor: Matt Lathrom \nVFX Producers: Cameron McManus + Jamie Parreno \nManagement: Full Stop Management\nCreative Director: Brett Alan Nelson\nLabel: RCA Records\nCommissioner: Sam Houston\nLabel: RCA Records \nProduct Manager: Molly Yorkes & Val Pensa\nDigital Marketing: Monica Seetharam & Alexis Gorlick \n\n#Sportscar #SoCloseToWhat #TateMcRae', 34091789, 188, '3:08', 'False', 36, 51),
	(52, 'GIVĒON - RATHER BE (Official Music Video)', 'GIVĒON - RATHER BE (Official Music Video)', 'GIVĒON - RATHER BE (Official Music Video)\n\n"RATHER BE" available at: https://Giveon.lnk.to/RATHERBE\n\nFollow GIVĒON:\nInstagram: https://www.instagram.com/giveon/?hl=en\nTwitter: https://twitter.com/giveon?lang=en\nFacebook: https://www.facebook.com/Giveonmusic/\nSoundcloud: https://soundcloud.com/giveon\n\nSweepstakes rules: https://Giveon.lnk.to/sweepstakesrules\n\n(C) 2025 Epic Records. With Not So Fast LLC.\n\n#GIVĒON #RATHERBE', 3794711, 191, '3:11', 'False', 37, 52),
	(53, 'Benson Boone - Slow It Down (Official Music Video)', 'Benson Boone - Slow It Down (Official Music Video)', 'Benson Boone - Slow It Down (Official Music Video)\n\n\'American Heart\' the second album from Benson Boone – out now: https://BensonBoone.lnk.to/AmericanHeart\n\nListen to \'Fireworks & Rollerblades\' the debut album from Benson Boone now at: https://BensonBoone.lnk.to/FireworksRollerblades\nListen to the song now at: https://BensonBoone.lnk.to/SlowItDown\n\n???? Subscribe to Benson\'s Channel: https://bit.ly/3RV5Na8\n\nFollow Benson Boone:\nhttp://www.BensonBoone.com\nhttps://www.Tiktok.com/@bensonboone\nhttp://www.Instagram.com/BensonBoone\nhttp://www.Twitter.com/BensonBoone\nhttp://www.Facebook.com/BensonBoone\n\nCredits:\nDirected and edited by Matt Eastin\nProduced by Violet Media, Inc.\nDirector of Photography Ty Arnold\nAdditional footage by Aaron Hymes\nProduction Coordinators: Ren Wightman and Shane Gelinas\nGraphics and titles by GreatWork\nLighting Design by Joshua Carrasco\nG&E:  Adrian Ramirez and Gavin Samples\nProduction Assistants:  McLean Long & Violet Aseneth\n\nWriter(s) : Benson Boone, Connor McDonough, Jackson LaFrantz Larsen, Jason Evigan, Riley\nMcDonough\nMasterer : Randy Merrill\nMixer : Alex Ghenea\nProducer : Connor McDonough, Jason Evigan, Riley McDonough\n\nLyrics:\nI’d never met you but I wanted\nTo invite you to the party\nThen you walked in\nWith those green eyes never stolen by nobody\n\nAnd they flicker to the future\nFor a moment I could picture\nThen you touch me\nAnd I come back and we’re talking on the staircase\n\nBout your big dreams, on the big screen\nOut of Georgia now you’re lonely in this city\nLying with me\nAnd you’re scared it’s moving quickly\n\nNow you’re crying\nYou’re in pieces\nCause the only love you’ve ever known is Jesus\nI can feel it\nAnd I hate that I’m the reason that you’re\nYou’re in your head right now\nWhile your whole world is spinning out\n\nSo slow it down\nTake a moment now\nWe’re too young to drown\nDeep in dirty waters\nFull of hopeless doubts\nLet me pull you out\nLet me hold you now\nlet me help you slow it down\n\nAin’t it funny, how it changes\nHow a future rearranges\nI get nervous, oh I’m anxious\nMaybe loving you is dangerous\nI could lose you like the others\nOnly girl that’s never left me is my mother\nOh I love her\nAnd I know you probably hate it\n\nBut I’m in my head my head right now\n\nSo slow it down\nTake a moment now\nWe’re too young to drown\nDeep in dirty waters\nFull of hopeless doubts\nLet me pull you out\nLet me hold you now\nlet me…\n\nSlow it\nSlow it down\nWhen you’re on the ground\nAnd you’re crying\nI’m just trying\nTo slow it down\nWhen you’re spinning round\nIn your head\n\nI’ll help you slow it down\n\n#BensonBoone #SlowItDown #FireworksandRollerblades', 85513596, 184, '3:04', 'False', 38, 53),
	(54, 'Tate McRae - Just Keep Watching (From F1® The Movie) (Official Video)', 'Tate McRae - Just Keep Watching (From F1® The Movie) (Official Video)', 'Stream ‘Just Keep Watching’: https://f1thealbum.lnk.to/justkeepwatching \n\nPre-Order F1 The Album: https://f1.lnk.to/Store \n\nDirector - Bardia Zeinali\nExecutive Producer - Nina Soriano\nProduction Company - Anonymous Content\nHead of Production - Ena Nicole Abadjian\nProducer - Jake Agger\nProduction Supervisor - Tori Storosh\n1st AD - Boma Pennebaker\nDP - Christopher Blauvelt\nProduction Designer - Brielle Hubert\nEdit House Modern Post\nEditor - William Town   \nManaging Director, Executive Producer - Charlyn Derrick \nExecutive Producer - Christina Mansi \nExecutive Producer, VFX and Finishing - Mike DeFilipps \nHead of Production - Weston Ver Steeg\nProducer - Morgan Ludwig \nAssistant Editor - Ty Elmore   \nAssistant Editor - Sam Bienenfeld \nVisual Effects by White Rhino VFX \nVFX EP - Daniel Saldivar\nVFX Coordinator - Isabel Leon\nBeauty work by Hush Beauty VFX \nBeauty EP/ Supervisor - Daniel Saldivar \nHush Producer - Brandii Requejo \nColor House - Ethos Studio \nColorist - Dante Pasquinelli \nColor Assists - Annie Cater & Alexandra Makarenko\nProducer - Nat Tereshchenko\nHead of Production - Natasha Sattler \nManaging Director/EP - Eliana Carranza-Pitcher \nFounder / EP - James Drew \nAssistant Production Supervisor - Linda Nhem\nArt Director - Paul McCaffrey\nArt Dept. Coordinator - Dröfn Ösp Snorradóttir-Rozas\nSet Decorator - Sandy Hubshman\nCLT - Jesse Wine\nKey Grip - Archie Ciotti\nBG Costumer - Penelope Strintz\nChoreography - Robbie Blue (@itsrobbiesworld_)\nMakeup - Lilly Keys (@lilly_keys)\nMakeup Assistant - Micaela Cleary (@micaelacleary)\nHair - Chad Wood (@chadwoodhair)\nHair Assistant – Ashley Grant (@theashleygrant)\nStyling - Chloe and Chenelle (@chloeandchenelle)\nStyling Assistants - Alex Bullock (@alex_bullock), Yvonne Shelly (@yvonneshelly), and Justin Ramirez (@thejustinramirez)\nNail Tech - Analysse Hernandez (@nailsxanalysse)\nBTS - Beth Saravo (@baeth)  & Ava Lamb (@ava__lamb)\nManagement - Full Stop Management\n\nFollow Tate:\nhttps://www.instagram.com/tatemcrae/?hl=en\nhttps://www.tiktok.com/@tatemcrae\nhttps://x.com/tatemcrae?lang=en \nhttps://www.youtube.com/channel/UCQh6LB206jF3JxpCDD-fp5Q \nhttps://www.snapchat.com/add/tatemcrae1?locale=en-US \n\nFollow F1 The Album: \nhttps://instagram.com/f1thealbum \nhttps://tiktok.com/@f1thealbum \nhttps://x.com/F1TheAlbum \nhttps://www.facebook.com/F1TheAlbum/ \n\n\n\n#TateMcRae #F1TheAlbum #OfficialVideo', 36141339, 147, '2:27', 'False', 36, 54),
	(55, 'Charli xcx - Guess featuring billie eilish (official video)', 'Charli xcx - Guess featuring billie eilish (official video)', 'Charli xcx - Guess featuring billie eilish\nStream: https://Charlixcx.lnk.to/GuessBillieEilishID\n\nPre-save/order Brat and it\'s completely different but also still brat: https://charlixcx.lnk.to/bratcompletelydifferentID\n\nBRAT out now: https://charlixcx.lnk.to/BRATdlxID\nOrder BRAT: https://charlixcx.lnk.to/StoreID\n\nText 1-310-861-2831\n\nDirector Aidan Zamiri\nProduction Company Object and Animal\nExecutive Producer Alex Brinkman\nExecutive Producer Emi Stewart\nHead of Production Rob Day\nProducer Myriam Schroeter\nAssociate Producer  Dan Order\nProduction Supervisor Bria Wentzel\nAsst. Production Supervisor Channer Miller\nIntimacy Coord Jessica Lesley\n1st Assistant Director Kenneth Taylor\n2nd Assistant Director Daniela Giraldo\n2nd 2nd Assistant Director Bethel Teshome\n\nCREATIVE DIRECTOR Imogene Strauss\nMOVEMENT DIRECTOR C Prinz\n\nCharli MGMT  Twiggy Rowley\nCharli MGMT Brandon Creed\nCharli MGMT  Sam Pringle\nCharli XCX Asst.  Daniela Parada\nBTS Photographer Terrence O\'Connor\nCommissioner  Andrew Reid\nCommissioner Asst.  Caroline DeFranco\nAtlantic vp Marketing  Marisa Aron\nCharli Styling  Chris Horan\nCharli Styling Asst.  Sanam Celine\nCharli Styling Asst.  Ian Elmowitz\nCharli Hair  Matt Benns\nCharli Hair Asst.  LaDawn Dozier\nCharli Makeup  Ana Takahashi\nCharli Makeup Asst.  Alisa Yasuda\nBillie Hair  Benjamin Mohapi\nBillie Makeup  Emily Cheng\nBillie Nails  Erin Moffett\nBillie Stylist  Spencer Singer\nBillie Styling Asst  Ray Braungart\nBillie Tailor  Anna Telcs\n\nDirector of Photography Ben Carey\nSteadi Cam Ari Robbins\n1st AC - A Camera Dan Muchnik\n1st AC - B Camera Payam Yazdandoost\n2nd AC - A Camera Fred Porras\n2nd AC - B Camera Bryam Aguilar\nDIT Raffaele Vesco\n\nVTR Payton Paulson\nSound Mixer Chantilly Hensley\nUtility Josh Haycraft\n\nKey Grip Josh Linkey\nBest Boy Grip Rick Uva\nGrip Anthony Gilbert Nevarez\nGrip Michael Orr\nGrip Ted Thornton\nHyphenate Driver Joel Bystrom\n\nCLT Robert King\nACLT Blake Smith\nSLT Russell Ayer\nSLT Alex Emmons\nHyphenate Driver Rudy Martinez\n\nProduction Designer Hugh Zeigler\nArt Director Daniel Lane\nArt Coordinator Matt Toth\nSet Decorator Mary Mitchell-Williams\nProp Master Mason Reynolds\nProperty Assistant Kevin Bici\nLead Person Tyler Stein\nSet Dresser / Driver Adam Kedis\nOn Set Dresser Mike Anaya\nSet Dresser Miguel Burris \nSet Dresser Seth Murray\nSet Dresser Rick Craft\nSPFX Lead Simon White\nSPFX Arthur Haynes \nSPFX Ashton Warner\nSPFX Kris Jaeckin\nSPFX Ben Graham\nSPFX Zack Rock\nProp Maker Analberto Diaz\nProp Maker Juanito Garcia\nProp Maker Ivan Velazquez\n\nWardrobe Stylist Ali Fribourg\nWardrobe Assistant Jacob-Cole Norton\nWardrobe Assistant Jack Wilson\nWardrobe Assistant Casey Comfort \nWardrobe Assistant Ava Lee\n\nHair Stylist Sean Fears\nHair Assistant Charisma Harville\nMakeup Artist Mylah Morales\nMakeup Assistant Gayatri Bhamidipaty\n\nTranspo Captain Henry Canon\nStake Bed Driver Payton Ewing\nSolar Verde Trailer Chris Grudowski\nSolar Verde Trailer Curtis Blackwell\n\nSet Medic Corie Volk\nCraft Services Nicole Collins\nCraft Services Sam Conklin\nDOT Coordinator Itai Roth\nEcoSet Key Devon Bomer \nEcoSet Crew Juan Sanchez\nProd Truck PA Ed Weathers\nCamera Truck PA Gabe Rivera\nWardrobe Truck PA Nash Oldach\nPA - Office PC Peng\nPA Beau Weiss\nPA Joey Padilla\nAD PA Jane Kim\nAD PA Yanim Silvia\nPA  Haylie Peacock\nPA  Travis Harrison\nPA  Lena Adams\n\nPost Producer Gina Crow\nEditor Neal Farmer\nVFX Corduroy\nVFX Supervisor Cooper Vacheron\nVFX Artist Loni Paone\nSound Concret Form\nSound Design & Mix Raphaël Ajuelos\nFoley Inès Adam\nGraphics Special Offer\nColor house Ethos Studio \nColorist Dante Pasquinelli \nColor Producer Nat Tereshchenko\n\nStunt Coord. Pat Romano\nStunt Double Nikki Stanley\nStunt Rigger Johnny Pearson\nStunt Rigger Chris Patton\n\nCasting Director Damian Bao\n\nBG  Amber Faith Zarate\nBG Isaiah Hall\nBG Bella Flint\nBG Quincy Larsen\nBG Chris Greatti\nBG Maddie Lee\nBG Christian Spillman\nBG Greer Cohen\nBG Janah Goss\nBG Kate Olivares\nBG Lila Doliner\nBG Mila Degray\nBG Sophia Ziskin\nBG Tyra Booker\nBG Alex Carranza\nBG Alma Valdez\nBG Bethaney Valverde\nBG Bryce Pascual\nBG Cyber\nBG Eli Sheppard\nBG Jester Bulnes\nBG Leia Johnson\nBG Tyshawn Myers\nBG Ryder Mclaughlin\n\nCAMERA Panavision\nCATERING Calling Grace Catering\nCRAFT SERVICES Hungry Eye\nDOLLY JL Fisher\nLIGHTING Special Purpose Lighting And Grip Inc.\nGRIP  Firm Handshake\nLIFTS Alliance Rental Solutions\nPAYROLL CMS Productions\nTRUCKING & SUPPLIES Galpin Hollywood\nSOUND EQUIPMENT The Orchard Inc.\nSTAGE Santa Clarita Studios\nTRUCKING Galpin Hollywood\nVTR FreakshowHD\n\nhttps://charlixcx.com/\nhttps://www.tiktok.com/@charlixcx \nhttps://www.instagram.com/charli_xcx\nhttps://twitter.com/charli_xcx\nhttps://www.youtube.com/@officialcharlixcx\nhttps://facebook.com/charlixcxmusic\n\nhttps://www.tiktok.com/@billieeilish\nhttps://www.instagram.com/billieeilish/\nhttps://twitter.com/billieeilish\nhttps://www.youtube.com/@UCiGm_E4ZwYSHV3bcW1pnSeQ \nhttps://www.facebook.com/billieeilish/\n\n#Charlixcx #Guess #BillieEilish #officialvideo', 79002814, 161, '2:41', 'False', 39, 55),
	(56, 'Alex Warren - Carry You Home (Official Video)', 'Alex Warren - Carry You Home (Official Video)', '\'You\'ll Be Alright, Kid\' out now: https://alexwarren.lnk.to/YoullBeAlrightKid\n\nLyrics:\nOh I hope you know I will carry you home\nWhether it’s tonight or 55 years down the road\nOh I know there’s so many ways that this could go\nDon’t want you to wonder darling I need you to know\n \nWe were talking to the sunset\nThrowing dreams against the wall\nI know none of them have stuck yet\nBut I bet it on you honey oh I would risk it all\n \nThese days, these nights, are changing\nMama, my mind, is set on you\nI\'m not afraid to say it, to say it’s true\n \nOh I hope you know I will carry you home\nWhether it’s tonight or 55 years down the road\nOh I know there’s so many ways that this could go\nDon’t want you to wonder darling I need you to know\n \nIn this and every life\nI choose us every time\n \nOh oh oh oh oh oh (x2)\n \nWe were California Dreamin\nOur whole life fit in that car\nDidn’t have a bed to sleep in \nWe kept each other warm under a ceiling full of stars\n \nThese days, these nights, are changing\nMama, my mind, is set on you\nI\'m not afraid to say it, to say I do\n \nOh I hope you know I will carry you home\nWhether it’s tonight or 55 years down the road\nOh I know there’s so many ways that this could go\nDon’t want you to wonder darling I need you to know\n \nIn this and every life\nI choose us every time\n \nOh oh oh oh oh oh (x2)\n \nOh I hope you know I will carry you home\nWhether it’s tonight or 55 years down the road\n\nArtist: @alexwaarren\nDirector: @b.k.barone\nChoreographer / Dancer Casting: @pennywildmusic\nAssistant Choreographer: @jonah_almanzar\nProduction Company: @echobendpictures\nEP/Producer: @juliagogo\nPM: @zaneyisbrainy\nPA: @jackso.nturner\nDP: @doug.e.porter\nSteadicam: @loren__hamilton\nAC: Julian Splies\nCLT: @para_lighting_instruments\nACLT: @josh__carrasco\nBalloon Light: @aerolighttw\nBalloon Light Tech: Brian Scotti\nKey Grip: @kdubz_grip\nSwing: Luis Romero\nSwing: @lionlera_film\nProduction Designer: @houseofguidote\nArt Director: @misternicoguidote\nArt PA: @kiwi_foo\nWardrobe Stylist: @catelg\nArtist Hair/Makeup: @julieeedinhh\nPrinciple Dancer: @gianina\nPrinciple Dancer: @jonah_almanzar\nKeys: @sherifmattar_\nBassist: @jaykupmass\nGuitar: @blk_n_whte_\nDrums: @danny_suede\nBackground: @armentadevosyan_official\nBackground: @iinxiiee\nBackground: @itsmahair\nBTS: @ryann.simmons\nEditor: @b.k.barone\nColorist: @ryan_h_berger', 52725607, 188, '3:08', 'False', 9, 56),
	(57, 'Roy Woods - You (Official Music Video)', 'Roy Woods - You (Official Music Video)', 'Listen to \'Dark Nights\': https://ovo-roywoods.ffm.to/darknights\n\nFollow Roy Woods\nhttps://facebook.com/roywoods\nhttps://instagram.com/roywoods\nhttps://twitter.com/RoyWoods\nhttps://soundcloud.com/roywoodsofficial\nhttps://www.tiktok.com/@roywoods?lang=en\nwww.roywoods.com\n\n#RoyWoods #OVOSound #UTU', 125528, 182, '3:02', 'False', 40, 57),
	(58, 'Maroon 5 - Priceless ft. LISA (Official Video)', 'Maroon 5 - Priceless ft. LISA (Official Video)', 'Listen to Maroon 5\'s new album “Love Is Like”, out now: https://Maroon5.lnk.to/LoveIsLike  \nGet tickets to tour: https://www.maroon5.com/tour/ \n\nFollow Maroon 5:\nInstagram: https://Maroon5.lnk.to/Instagram\nFacebook: https://Maroon5.lnk.to/Facebook\nTwitter: https://Maroon5.lnk.to/Twitter\nTikTok: https://Maroon5.lnk.to/TikTok\nSign up for updates: https://www.maroon5.com/subscribe/\n\nFollow LISA:\nInstagram: https://www.instagram.com/lalalalisa_m\nTikTok: https://www.tiktok.com/@lalalalisa_m\nYoutube: www.youtube.com/@lalalalisa_m\n#Maroon5 #LISA #M5\n\nMusic video by Maroon 5, LISA performing Priceless.© 2025 Interscope Records', 29890943, 171, '2:51', 'False', 41, 58),
	(59, 'Dean Lewis - With You (Official Video)', 'Dean Lewis - With You (Official Video)', 'Official music video for \'With You\' by Dean Lewis.\nListen to more Dean Lewis: https://DeanLewis.lnk.to/MusicID\nSubscribe to Dean\'s YouTube channel: https://DeanLewis.lnk.to/YouTubeID\nSign-up to the Dean Lewis newsletter: https://DeanLewis.lnk.to/SignUpID\nFollow the Complete Playlist on Spotify: https://DeanLewis.lnk.to/Complete-Pla...\n\nCredits - Produced, Directed and Shot by Sean Loaney.\n\nFollow Dean Lewis -\nWebsite: https://DeanLewis.lnk.to/MusicID/Webs...\nInstagram: https://DeanLewis.lnk.to/MusicID/Inst...\nFacebook: https://DeanLewis.lnk.to/MusicID/Face...\nTik Tok: http://DeanLewis.lnk.to/MusicID/TikTok\nTwitter: https://DeanLewis.lnk.to/MusicID/Twitter\nSpotify: https://DeanLewis.lnk.to/MusicID/Spotify\nApple Music: https://DeanLewis.lnk.to/MusicID/Appl...\nAmazon Music: https://DeanLewis.lnk.to/MusicID/Amaz...\nYouTube Music: https://DeanLewis.lnk.to/MusicID/YouT...\n\n#DeanLewis #WithYou #LyricVideo #pop \n\nLYRICS\n\nTalk me down\ntell me everything’s alright\ncall me back\nsay that its all in my mind\n\nCause i’m running round in circles\ntrying so hard to convince myself\nthat you’re asleep alone in your bed\nso save me from my misery\ni’ll drown in this uncertainty\njust tell me that it’s all in my head\n\nI was ready to fall in love with somebody\nin love with somebody like you\nI was holding on for far too long\ncause nothing’s all that I ever knew\nI’m still in love with you\nwith you, without you\n\nTake it back\nall the words you said laying in my arms\nif you didn’t mean them\ncause my heart don’t work like that\n\nCause i’m running out of reasons\ntrying so hard to believe in\nall the promises you made in the dark\ncause when you had me in your orbit\nyou said only I could solve it\nthen you left as soon as I fell apart\n\nI was ready to fall in love with somebody\nin love with somebody like you\nI was holding on for far too long\ncause nothing’s all that I ever knew\nI’m still in love with you\nwith you, without you\n\nand you told me to be patient\nand I was patient for you\npatient for you\nand you told me to keep waiting\nand I waited for you\nonly for you\n\nI was ready to fall in love with somebody\nin love with somebody like you\nI was holding on for far too long\ncause nothing’s all that I ever knew\n\nI was ready to fall in love with somebody\nin love with somebody like you\nI was holding on for far too long\ncause nothing’s all that I ever knew\nI’m still in love with you\nwith you, without you\ni’m still in love with you\nwith you, without you', 30313088, 194, '3:14', 'False', 42, 59),
	(60, 'Benson Boone - Mystical Magical (Official Lyric Video)', 'Benson Boone - Mystical Magical (Official Lyric Video)', 'Benson Boone - Mystical Magical (Official Lyric Video)\n\n???? Subscribe to Benson\'s Channel: https://bit.ly/3RV5Na8\n\n\'American Heart\' the second album from Benson Boone – out now: https://BensonBoone.lnk.to/AmericanHeart\n\nFollow Benson Boone:\nhttp://www.BensonBoone.com\nhttps://www.Tiktok.com/@bensonboone\nhttp://www.Instagram.com/BensonBoone\nhttp://www.Twitter.com/BensonBoone\nhttp://www.Facebook.com/BensonBoone\n\nCredits:\nDirected and edited by Matt Eastin\nProduced by Jordan Overman\nDP:  Calen Albert\n\nLyrics: \nThere\'s nothing colder than your shoulder when you\'re draggin me along like you do\nLike you do\nAnd then you switch up with no warning and you kiss me like you want it, how rude\nHow rude\n\nBut I kinda like it anyways\nI don\'t mind if this is gonna take a million days\nI know you\'ll come around\nTo me eventually\nIf you sit back, relax, join my company\nMy company\n\nOnce you know what my love\'s gonna feel like\nNothing else will feel right\nYou can feel like\nMoonbeam ice cream, taking off your blue jeans\nDancing at the movies\n\'Cause it feels so\n\nMystical, magical\nOh, baby, \'cause once you know\nOnce you know\nMy love is so mystical, magical\nOh, baby, \'cause once you know\nOnce you know\n\nMy little hard-to-get baby\nI wanna give you the world\nNot saying you gotta chase me\nBut I wouldn\'t mind it\nIf you gave me just a little bit\nOf something we can work it with\nBut all you do is push me out \n\nBut I like it anyways\n\'Cause I think I\'m getting closer to you everyday\nI know you\'ll come around\nTo me eventually\nJust sit back, relax, join my company\nOh, baby, trust me\n\nOnce you know what my love\'s gonna feel like\nNothing else will feel right\nYou can feel like\nMoonbeam ice cream, taking off your blue jeans\nDancing at the movies\n\'Cause it feels so\n\nMystical, magical\nOh, baby, \'cause once you know\nOnce you know\nMy love is so mystical, magical\nOh, baby, \'cause once you know\nOnce you know\n\n(Once you know what my love\'s gonna feel like)\n(Moonbeam ice cream, nothing else will feel right)\nMystical, magical\nOh, baby, it\'s mystical, magical\n\n\n#newmusic #bensonboone #americanheart #mysticalmagical', 30192542, 166, '2:46', 'False', 38, 60),
	(61, 'Tate McRae - Revolving door (Official Video)', 'Tate McRae - Revolving door (Official Video)', 'Tate McRae’s new album, ‘So Close To What’ is out now. Listen here: https://tatemcrae.lnk.to/soclosetowhat   \nShop vinyl, CDs, cassettes and more: https://tatemcrae.lnk.to/Store    \nThe Miss Possessive 2025 World Tour is coming to a city near you! Get tickets here at https://www.tatemcrae.com/\n\nFollow Tate: \nInstagram: https://www.instagram.com/tatemcrae/           \nTikTok: https://www.tiktok.com/@tatemcrae       \nFacebook: https://www.facebook.com/TateMcRaeOfficial/    \nX: https://twitter.com/tatemcrae    \nWebsite: https://www.tatemcrae.com/ \n\nFollow T8HQ: \nInstagram: https://www.instagram.com/t8hq  \nTikTok: https://www.tiktok.com/@t8hq  \nYouTube: https://www.youtube.com/channel/UCc_pOZqsOpqSmC16dltYwxw  \nThreads: https://www.threads.net/@t8hq  \n\nLyrics: \nMy cold heart \nIs finally melting \nI moved from the \nEast to the west wing \nI finally think \nIt might be helping \nI confess \nI’m not that versatile \nSay I’m good \nBut I might be in denial \nTakes one call \nAnd that undoes the dial \n  \nBaby I tried to \nCall you \nOff like \nA bad habit \nTry to  \nCall you \nOff like \nA bad habit \n  \nBut I keep coming back \nLike a revolving door \nSay I couldn’t want you less \nBut I just want you more \nSo I keep coming back \nLike a revolving door \nSay I couldn’t want you less \nBut I just want you more \nAnd more \nAnd more \nAnd more \nAnd more \nAnd more \nAnd more \n  \nShut it down \nThat i try \nThen you come \nCome around \nFuck me good \nFuck me up  \nThen I gotta move towns \nHow’d I get \nFrom your gym to your couch? \nOh how?  \n  \nBaby I tried to \nCall you \nOff like \nA bad habit \nTried to  \nCall you \nOff like \nA bad habit \n  \nBut I keep coming back \nLike a revolving door \nSay I couldn’t want you less \nBut I just want you more \nSo I keep coming back \nLike a revolving door \nSay I couldn’t want you less \nBut I just want you more \nAnd more \nAnd more \nAnd more \nAnd more \nAnd more \nAnd more \n  \nChange my mind so much I can’t find it \nI work so much, can’t be reminded \nLife feels worse but good with you in it \nSupposed to be on stage but fuck it \nI need a minute \nChange my mind so much it’s exhausting \nI still think ’bout that night out in Boston \nI’m more hurt than I would admit \nSupposed to be an adult but fuck it \nI need a minute \n  \nI need a minute  \nI need a minute \nI need a \nI need a, fuck it \nI need a minute \n \nI need a minute \nI need a minute \nI need a \nI need a, fuck it \nI need a minute \n \nI need a minute, oh \nI need a minute \n\nCredits: \nDirector: Aerin Moreno\nCreative Director: Brett Alan Nelson\nFounding Partner: Shawn Lacy\nExecutive Producer: Laura Regan\nHead of Production: Sean Moody\nProducer: Brendan Garrett\nDirector of Photography: Russ Fraser\nProduction Designer: Wesley Goodrich\nChoreographer: Robbie Blue\nChoreography Asst: Bailey Holt\nStylist: Brett Alan Nelson\nMakeup: Lilly Keys\nMakeup Asst: Micaela Cleary\nHair: Chad Wood\nHair Asst: Maria Vannicola\nDirector Rep: Tommy Labuda\nLabel: RCA Records\nLabel Commissioner/Producer: Sam Houston\nProduct Manager: Molly Yorkes\nHead of Marketing: Val Pensa\nHead of Creative: Niki Roberton\nDigital Marketing: Monica Seetharam and Alexis Gorlick \nManagement: Full Stop Management\nEditor: Aerin Moreno\nColor: Matt Osborne at Company 3\nSound Design: Christian Stropko\nVFX: Pendulum VFX\nTitle Graphics: Quincy Banks\nProduction Supervisor: Samuel Miller\nAsst. Prod. Supervisor: Pierre Moulene\n1st AD: Parker McMillan\n2nd AD: Andrea Quinonez\n1st AC: Connor Lambert\n2nd AC: Jordan Oglesby\nLoader: Chastin Noblett\nSteadicam Op: Ari Robbins\nChief Lighting Technician: Mathias Peralta\nAssistant Chief Lighting Technician: Jake Kaster\nLighting Programmer: Patrick Mattes\nLighting Technician: Bob Shoemaker\nLighting Technician: Gus Gordon\nLighting Technician Hyphenate: Payton Ewing\nKey Grip: Jake Reeder\nBBG: Noah Flippo\nDolly Grip: Axel Cubias\nGrip: Gabriel Lipps\nGrip: Mike Lavere\nGrip: Joe Lepp\nGrip Hyphenate: Steven Hassenpflug\nSound Team\nVTR: Amanda Quesada\nSound Mixer: Richard Carlos\nDancers: Keera Kittles, Stevie Dore, Tacir Roberson, and Yuli Maldonado\nSet Dresser: Jacob Pilot\nNail Tech: Analysse Hernandez\nDancer Makeup: Amber Hamilton\nDancer Makeup Asst: Candi Russell\nStylist Asst: LJ Perez\nStylist Asst: Nikko Panti\nStylist Asst: Mikey Aviles\nTailor: Tia Usher\nProduction Assistant: Robert Main\nProduction Assistant: Ben Danielson\nProduction Assistant: Piper Lacey\nProduction Assistant: Connor Hurley\nProduction Assistant: Bryson McCalley\nProduction Assistant: Bailey Sims\nProduction Assistant: Delon Isaacs\nProduction Assistant: Ryan Brennen\nProduction Assistant: Gabriel Padilla\nProduction Assistant: Efren Cisneros\nMedic: Charles Gonzalez\nCraft Services: Brian Hoenig\nMoho Driver: Don Clarke\nChef Driver: MagdaLeno Cisneros\n\n#Revolvingdoor #SoCloseToWhat #TateMcRae', 30012095, 235, '3:55', 'False', 36, 61),
	(62, 'Taylor Swift - Fortnight (feat. Post Malone) (Official Music Video)', 'Taylor Swift - Fortnight (feat. Post Malone) (Official Music Video)', 'The official music video for “Fortnight (feat. Post Malone)” by Taylor Swift, from ‘THE TORTURED POETS DEPARTMENT’.\n\nBuy/download/stream ‘THE TORTURED POETS DEPARTMENT’: https://taylor.lnk.to/thetorturedpoetsdepartment \n\nJoin the #ForAFortnightChallenge on YouTube Shorts. Share 14 snippets of your life in one single Short with “Fortnight (feat Post Malone)” by using remix or adding the official sound.\n\nhttps://yt.be/ForAFortnightChallenge\n\n►Subscribe to Taylor Swift on YouTube: https://ts.lnk.to/subscribe\n►Shop Merch: http://taylorswift.lnk.to/store\n\n►Follow Taylor Swift Online: \nTikTok: http://tiktok.com/@taylorswift \nInstagram: http://instagram.com/taylorswift \nTwitter: http://twitter.com/taylorswift13 \nSnapchat: http://snapchat.com/add/taylorswift \nFacebook: http://facebook.com/taylorswift \nTumblr: http://taylorswift.tumblr.com \nWebsite: http://www.taylorswift.com \n\n►Follow Taylor Nation Online \nTikTok: http://tiktok.com/@taylornation\nYouTube: https://youtube.com/taylornation\nInstagram: http://instagram.com/taylornation \nTwitter: http://twitter.com/taylornation13\nTumblr: http://taylornation.tumblr.com\n\nDirector: Taylor Swift\nDirector of Photography: Rodrigo Prieto \nProducer: Jil Hardin \nEditor: Chancler Haynes \nProduction Designer: Ethan Tobman \n1st AD: Anthony Dimino \nVisual Effects: Parliament\nProduction Companies: Taylor Swift Productions & Object & Animal\n\n#taylorswift #postmalone #fortnight #thetorturedpoetsdepartment', 158325692, 249, '4:09', 'False', 43, 62),
	(63, 'Vex Prince - MONEY feat Dorty (Official Music Video)', 'Vex Prince - MONEY feat Dorty (Official Music Video)', 'Vex Prince - "MONEY" feat Dorty\nDownload/Stream the Song here: https://found.ee/vexprincemoney \nDebut album out now: https://found.ee/vplevitation\n\nFollow Vex Prince! \nInstagram: /vex.prince  \nSpotify: https://open.spotify.com/artist/4igV9s2y635UKC5AMIubC0\nX (Twitter): https://x.com/VexPrince\n\nCREDITS\nDirector: GAD\nAudio Producer: QUBA\nExecutive Producer: Max Konan\n\n\nLYRICS\nMy money chop chop chop my money aaaah\nMy money chop chop chop my money aaaah\nMy money chop chop chop my money aaaah\nMy money chop chop chop my money aaaah\n\nHeey baby girl \nIt’s nice to meet ya\nAsa nka Shakira\nNimwiza mamacita\nI don’t mind, I don’t mind\nI go spend a milli I don’t mind\nDouble your order it’s alright \nIts alright I don’t mind\n\nDarling Ninjye mamii\nMa Cherie chop my money\nDarling Ninjye mamii\nMa Cherie chop my money\n\nDarling Ninjye mamii\nMa Cherie chop my money\nDarling Ninjye mamii\nMa Cherie chop my money\n\nMy money chop chop chop my money aaaah\nMy money chop chop chop my money aaaah\nMy money chop chop chop my money aaaah\nMy money chop chop chop my money aaaah\n\nEh you now my negga c’est le Dorty \nAFRO BEAT à Kigali \nJe veux le djai comme gari \nPetit nouchi d’abobo n’est pas bandit Eeh \nOh voilà ça \nje veux les go comme baltazar \nOh maintenant ce n’est plus bizarre \nShowcase et les soirée à ibiza \n(Tous le monde eh ) \n\nCome on twerk other my melody \nMais qui t’a dit qu’on est des maudis\nCest Kigali ce n’est pas cocody \nOh bébé oh my baby no chop my money \nAhaaa c’est des jaloux ( jaloux ) \nMoi Mon talent Dieu m’a donné cadeau \nA la télé c’est devenu cadeau \nEt dans mon hublot je regarde jaloux\n\nDarling Ninjye mamii\nMa Cherie chop my money\nDarling Ninjye mamii\nMa Cherie chop my money\n\nDarling Ninjye mamii\nMa Cherie chop my money\nDarling Ninjye mamii\nMa Cherie chop my money\n\nMy money chop chop chop my money aaaah\nMy money chop chop chop my money aaaah\nMy money chop chop chop my money aaaah\nMy money chop chop chop my money aaaah\nMy money chop chop chop my money aaaah\nMy money chop chop chop my money aaaah\nMy money chop chop chop my money aaaah\nMy money chop chop chop my money aaaah', 899024, 158, '2:38', 'False', 44, 63),
	(64, 'd4vd - Feel It (Official Music Video)', 'd4vd - Feel It (Official Music Video)', 'd4vd - Feel It (Official Music Video)\n\nWITHERED EXTENDED WITH 2 BONUS TRACKS FOR $4.99 https://d4vd.lnk.to/witheredextendedIT\n\nlisten to ‘WITHERED’ the debut album, out now: https://d4vd.lnk.to/WITHEREDYP\nshop signed WITHERED vinyl & CDs: https://d4vd.lnk.to/storeYP\nget tickets to the WITHERED Tour: https://d4vd.lnk.to/witheredtour  \n \nfollow d4vd:\n\nMailing List - https://d4vd.lnk.to/mailinglist\nTwitch - https://www.twitch.tv/d4vd\nLaylo: https://laylo.com/d4vd\nDiscord - https://discord.com/invite/d4vd\nInstagram - https://www.instagram.com/d4vddd/\nX - https://x.com/d4vddd\nTikTok - https://www.tiktok.com/@d4vdd\nFacebook - https://www.facebook.com/d4vdd\nSoundcloud - https://soundcloud.com/d4vddd\nSpotify - https://spoti.fi/3BabOIK\nApple Music - https://apple.co/3wV1ou8\nOfficial Website - http://d4vd.io\nSubscribe on YT - https://www.youtube.com/channel/UC98\n\nCredits:\nDirector: Nick Walker\nProduction Company: rubbertape\nExecutive Producer: Owen Lazur\n \nInterscope Creative: Shannon (Leskowitz) Groff\nInterscope Creative: Alyssa Kamalski\n \nProducer: Matthew John Benton\nProduction Coordinator: Jason Marrs\n1st AD: Quinton Couch\n \nDirector of Photography: Nyk Allen\nCamera Op: Connor O’Brien\n1st AC: Philip Hoang\nB Cam 1st AC: Cole Brewer\n2nd AC: Raquel Wajner\nCamera PA: Tyler Perez\n \nEditor: Dylan Coughran\nColorist: Kaitlyn Battistelli\nColor: Ethos Studios\nColor Producer: Nat Tereshchenko\nGaffer: Thomas Sigurdsson\nBBE: Zachary Emick\nSLT: T.J. Signaigo\nSwing: Kevin Cecil\n \nKey Grip: Alessandro Picasso\nBBG: David Nunez\nGrip: Natalie Giordano\nGrip: Domonic Picasso\nProduction Designer: Leo Johnson\nProp Master: Justin Aragon\nArt Assistant: Nico Geyer\n \nSet Medic - Beck Rossiter-Moon\nTruck PA: Mason Bosworth\nSet PA: Francesca Blanchard\nSet PA: Sean Jacobson\n \nd4vd Groomer: Keshia Smith\n \nStunt Coordinator: Amanda MacLeod\nStunt Performer: John Tieng\n \nDance Choreography: Niana Guerrero\nDancer: Kaley Ford\nDancer: Brianna Ford\nFriend: Kaiya Nyasha\nBusker: Sam Orlin\nSubway Reader: Duwad Burke\n\nLyrics:\nWhat do you have in store?\nOne life away you can’t explore\nBut I don’t want to get in the way no more\nCause this the type of feeling you can’t ignore, aye\nI’m ready to break down the door\nSettle the score\nI can’t let you go away\nI miss the smile off your face\nYou know that I lo-lo-lo-love the chase\nYou told me once that I was crazy\nI said “Babygirl I know but I can’t let you go away\nSo don’t you get me started now\nI want a yes, I don’t want maybe’s cause they leave me where you found me\nSo don’t leave,\nOo, I just love the way you got me feeling\nAnd now I feel it\nIt’s like Oo\nTake away the pain\nBaby, I’m healing\nBaby, I’m healing\nI don’t need anything more\nBe the wave, I’ll be the shore\nCrashing all over me\nI want you\nWhat do you have in store?\nType of girl that make me drop dead on the floor\nThis the only girl that I love and adore\nThis the type of love that you can’t ignore\nI said hey!\nShe comin my way\nShe running round saying whatever she wanna say\nI told her I don’t wanna have to do this everyday\nTold her that I love her but she thinkin it’s a game\nOh no!\nNow she uncomfortable\nNever wanna make it the one dimensional oh\nYeah-oh-nanana\nDon’t know how we got here don\'t you get me started now\nYou told me once that I was crazy\nI said “Babygirl I know but I can’t let you go away\nSo don’t you get me started no\nI want a yes, I don’t want maybe’s cause they leave me where you found me\nSo don’t leave\nOo, I just love the way you got me feeling\nGot me feeling it\nIt’s like Oo\nTake away the pain\nBaby, I’m healing\nBaby, I’m healing\nI don’t need anything more\nBe the wave, I’ll be the shore\nPassion all over me\nI want you\n\n#d4vd #FeelIt #Invincible\n\nMusic video by d4vd performing Feel It. © 2024 Darkroom/Interscope Records\n\nhttp://vevo.ly/v2SW1I', 37464367, 154, '2:34', 'False', 45, 64),
	(65, 'Damiano David - Born With a Broken Heart (Official Video)', 'Damiano David - Born With a Broken Heart (Official Video)', 'Born With a Broken Heart new single by Damiano David Listen & Download https://damianodavid.lnk.to/BornWithaBrokenHeart\n\nBorn With a Broken Heart\n \nI’ve been tryin’ to change (oooh)\nTryin to find somebody to love me \nOh Love but I end up in the same damn place again\nHopin I could be different\nBut I’d be playin’ pretend\n \nI wish that I was perfect (just like you)\nBut I’m an alien\nOh love I’m sending out an sos, take me home\nWe’re not meant to be together, no\n \nWhat if I said I’m trying\nTo save your love from dying\nBaby I’m too far gone\nDon’t wanna see you crying\nBut I just  know who I am\nMaybe that’s the hardest part ohhh\nBaby you can’t fix me\nI was born with a broken heart \n  \nIf I was a cactus (ohhh)\nYou would be a balloon\nOh love\nI wanna feel the same as humans do\nI wanna feel the same as you, but I don’t\n \nWhat if I said I’m trying\nTo save your love from dying\nBaby I’m too far gone\nDon’t wanna see you crying\n\nBut I just know who I am\nMaybe that’s the hardest part ohhh\nBaby you can’t fix me\nI was born with a broken heart \n \n \nAhhhhhhh\nAhhhhhhh\nI’m sorry \nThat I’m leaving \nAhhhhhhh\nAhhhhhhh\nI’m sorry \nWe’re just different\nBut baby you can’t fix me\n \nWhat if I said I’m trying\nTo save your love from dying\nBaby I’m too far gone\nDon’t wanna see you crying\nBut I just know who I am\nMaybe that’s the hardest part ohhh\nBaby you can’t fix me\nBaby you can’t fix me\nBaby you can’t fix me\nI was born with a broken heart\n\n\n“Born With a Broken Heart” - Damiano David\n\nDirected by Aerin Moreno\nCreative Director - Creative Enough\nProduction Company - Radiance Pictures \nCo-produced by Damiano David\nExecutive Producer - Nuer Taqa \nHead of Production/Producer -  Zoey Pressey\nProduction Managers - Jolene Mendes & Kevin Chang\nCinematographer - Russ Fraser \nProduction Designer - Wesley Goodrich\nChoreographer - Jacob Jonas\nDD Stylist - Michele Potenza    \nDD Makeup - Heather Weppler   \nDD Grooming - Sinh Vo\nDancers’ Stylist - Erik Ziemba\nEditor - Aerin Moreno\nColorist - Dante Pasquinelli, Ethos\nSound Designer - Christian Stropko\nVFX - Jo Murayama &  John McConnell\nAdditional VFX - Retina Imageworks\nGraphics - Quincy Banks\nDirector Rep - Tommy Labuda\nVideo Commissioner - Loies Kim\n\nManagement – EXIT MUSIC\n\nFeaturing Lexee Smith\n\nDancers -\nAlexa Donnelly\nPaulina Donnelly\nHannah Tzong-Han Wu\nAlyse Rockett\nMichael Montgomery\nBaptista Kawa\nJarrett Yeary\nJames Blackston\n\n1st AD - Ray Fuentes\n2nd AD - Mike Paulson\n\n1st AC - Payam Yadandoost\n2nd AC - Leigh Stiepel\nSteadicam Op - Ari Robbins\nCrane Op - Alexandre Nunez\nCrane Tech - Nazariy Hatak\nHead Tech/Camera Op - Adam Hull\n\nGaffer - Mathias Peralta\nBBE - Jake Kaster\nElectrics - Joe Escandell, Becky Lloyd, Chris Nabers, Bob Shoemaker, Raul Cervantes\nProgrammer - Patrick Mattes\n\nKey Grip - Jake Reeder\nBBG - Noah Flippo\nGrips - Charlie McGlinsky, Mike La Vere, Max Allen, Gabriel Lipps\n\nLeadman - Daniel Oregel\nLead Assistant - Delon Isaacs\nSet Dressers - Ryan Brennan, Jose Lopez\nFlorist - Alena Brophy\nStair Build Set Shop - John Hemsley, David Struven, Waldemar Lopez, Fredy Mendoza, Aureliano Landa, Jeff Scgarberg, Angus Johnson, Juan Xotic, Hermilo De los Santos, Mathias Biraben\nChoreographer Asst - Emma Rosenzweig-Bock\n\nStunt Coordinator - Robert Brown\nStunt Asst - Vira Nyzhnyk-Oskolska\n\nDancers’ Lead HMU - Kandi Hernandez\nDancers’ HMU Assts - Lindsey Sanchez, Tatiana Noele \nDancers’ Styling Asst - Maggie Kimball \n\nMedic - Kyle Reynolds\n\nBTS - Kirsten Wong\n\nPAs - Gavin Sullivan, Kymani West, Cheyenne Sandifer, Jaxon Smith, Yadikaer Wuerkexi \n\nSpecial Thanks to Shari & Michael Goodrich\n\nA SONY MUSIC ITALY / ARISTA RECORDS RELEASE  P) 2024 SONY MUSIC ENTERTAINMENT ITALY S.p.a', 38500113, 253, '4:13', 'False', 46, 65),
	(66, 'Nelly Wap "Up Next" (Off The Porch Live Performance)', 'Nelly Wap "Up Next" (Off The Porch Live Performance)', 'DGB presents our "Off The Porch Live Performance" series! \nNelly Wap "Up Next" \n \nNelly Wap \nhttps://www.instagram.com/_nellywap/\n\nWatch all of our Live Performances!\nhttps://www.youtube.com/playlist?list=PLGZpaFw4cQ6MF7hIh2oOPCicTZB70KMfv\n\n\nDGB Media\nhttps://www.dirty-glove.com\nhttps://www.instagram.com/dirtyglovebastards\nhttps://www.instagram.com/dgb_offtheporch/\nhttps://www.twitter.com/DGB_Media_\nhttps://www.facebook.com/dirtyglovebastards\n\n"Off The Porch" is Dirty Glove Bastard\'s exclusive interview series where artists, producers, DJs & industry insiders are given a platform to tell their unfiltered story. Dirty Glove Bastard was created in 2007 to shine more light on the buzzing, regional music scenes in the South & Midwest.\n\n"Off The Porch" Interviews Playlist:\nhttps://www.youtube.com/playlist?list=PLGZpaFw4cQ6PLtV-w_-9To6I7yrhShcGr\n\n???? PLEASE SUBSCRIBE, LIKE, COMMENT & SHARE!', 4637, 175, '2:55', 'False', 47, 66),
	(67, 'JENNIE & Dua Lipa - Handlebars (Official Video)', 'JENNIE & Dua Lipa - Handlebars (Official Video)', 'Official music video for “Handlebars” from the album ‘Ruby’ out now: https://jennie.lnk.to/ruby\n\nStarring JENNIE & Dua Lipa\n\nProd. Company: LFR Productions Inc.\nDirector: BRTHR\nExecutive Producer: Francesco Rizzo, Luigi Rossi, Chris Dodds\nLine Producer: Sergio Vaccaro\nProducer/Commissioner: Bryan Younce, Saul Levitz\nDirector of Photography: Ben Carey\nProduction Designer: Griffin Stoddard \nStylist: Brandon Tan\nCasting Director: Allison Twardziak\nB-cam Op: Jeremy Herron\nEditorial: Modern Post\nEditor: Graham Patterson @ Modern Post & Alex Lee / BRTHR\nColorist: Myles Bevan @ Studio R-M\nVFX Producer: BRTHR\nVFX by VHS ENTERTAINMENT @vhs_entertainment\nVFX by @chanhyungchun / Chanhyung Chun / @aquon / AQUON / @mo.ondan / Moon Dan\nVFX by AEFX @aefxwrks\nVFX by HIMIA @himia.digital \nVFX by JEDD LINGO @jeddlingo\nSound Mix & Design: Moritz Staub\n\nFollow JENNIE -\nInstagram: https://www.instagram.com/jennierubyjane\nTikTok: https://www.tiktok.com/@jennierubyjane\nTwitter: https://twitter.com/jennierubyjane\nhttps://jenn.ie\n\nFollow Dua Lipa -\nInstagram: https://www.instagram.com/dualipa\nTikTok: https://www.tiktok.com/@dualipaofficial\nTwitter: https://twitter.com/dualipa\n\nFollow JENNIE HQ -\nInstagram: https://www.instagram.com/jennie_hq\nTikTok: https://www.tiktok.com/@jennie_hq\nTwitter: https://twitter.com/jennie_hq\n\n#JENNIE #DuaLipa #Handlebars', 33919328, 211, '3:31', 'False', 16, 67),
	(68, 'SHOOP - CAPRIS (Official Music Video)', 'SHOOP - CAPRIS (Official Music Video)', 'SHOOP - CAPRIS (Official Music Video)\n\n"CAPRIS" available at: https://SHOOP.lnk.to/CAPRIS\n\nFollow SHOOP:\nInstagram: https://www.instagram.com/brandonshoop/?hl=en\nTiktok: https://www.tiktok.com/@brandonwshoop \nX: https://x.com/brandonshoop\n\n(C) 2025 Epic Records, a division of Sony Music Entertainment, under exclusive license from Brandon Shoop.\n\n#SHOOP #CAPRIS', 37164, 229, '3:49', 'False', 48, 68),
	(69, 'Miley Cyrus - End of the World (Official Video)', 'Miley Cyrus - End of the World (Official Video)', 'Official Video for “End of the World” by Miley Cyrus\n\nListen to & Download “End of the World” out now: https://MileyCyrus.lnk.to/EndoftheWorld\n\nSomething Beautiful -  Album Out May 30 | Pre-Order Now: https://MileyCyrus.lnk.to/SomethingBeautiful\n\nText 310-388-5120 \n\nMiley Cyrus unveils “End of the World,” the first official single off of her highly anticipated album, Something Beautiful, out May 30 via Columbia Records. The new single “End of the World” out now.\n\nLyrics:\n\nToday, you woke up, and you told me that you wanted to cry\nThe sky was falling like a comet on the fourth of July\n\nBaby you’ve been thinking ’bout the future like it’s already yours\nShow me how you’d hold me if tomorrow wasn’t coming for sure\nLet’s pretend it’s not the end of the world\nLet’s pretend it’s not the end of the world\n\nLet’s spend the dollars you’ve been saving on a Mercedes Benz\nAnd throw a party like McCartney with some help from our friends\nYeah let’s go down to Malibu and watch the sun fade out once more\nShow me how you’d hold me if tomorrow was coming for sure\nLet’s pretend it’s not the end of the world\nLet’s pretend it’s not the end of the world\nThe sky is falling, falling like a comet now\nI can see it coming down\nThe sky is falling, falling like a comet now\n\nOoh let’s go to Paris\nI don’t care if we get lost in the scene\nPaint the city like Picasso would’ve done in his dreams\nDo all the things that we were way too terrified of before\nI wanna take you to nirvana\nWe can’t take it too far\nHit the bottom of the bottle and forget who we are\nHold me close, you know tomorrow isn’t coming for sure\nLet’s pretend that it’s not the end of the world\nLet’s pretend that it’s not the end of the world\nLet’s pretend that it’s not the end of the world\n\nLet’s pretend\nIt’s not the end\nLet’s pretend\nIt’s not the end\nLet’s pretend\nIt’s not the end\n\nLet’s pretend that it’s not the end of the world\nThe sky is falling, falling like a comet now\nLet’s pretend that it’s not the end of the world\nThe sky is falling, falling like a comet now\nLet’s pretend that it’s not the end of the world\nThe sky is falling, falling like a comet now\nI can see it coming down\n\nCredits:\n\nColumbia Records and Live Nation present a Miley Cyrus and XYZ Films Production\nMiley Cyrus “Something Beautiful”\n\nDirected by: Miley Cyrus, Jacob Bixenman, Brendan Walter\nProduced by: Miley Cyrus, Panos Cosmatos, Nick Spicer, Nate Bolotin, Aram Tertzakian\nExecutive Producers: Adam Folk, Ron Perry, Tom Mackay, Krista Wegener, Michael Rapino, Brad Wavra, Ryan Kroft\nAssociate Producer: Marcela Victoria\nDirector of Photography: Benoît Debie\nProduction Designer: David Meyer\nChoreography by: Stephen Galloway\nCostume Design: Bradley Kenneth \nEdited by: Brendan Walter\n\nMusic Produced by: Miley Cyrus, Shawn Everett, Michael Pollack, Jonathan Rado, and Maxx Morando\nEngineered by: Shawn Everett, Ian Gold, and Pièce Eatah at The Village\nAssistant Engineer: JC LeResche\nMixed & Mastered by: Shawn Everett\nMix Assistant: Ian Gold\n\nConnect with Miley Cyrus\nSite: http://mileycyrus.com\nTwitter: https://mileyl.ink/twitter\nInstagram: https://mileyl.ink/instagram\nTikTok: https://mileyl.ink/tiktok\nFacebook: https://mileyl.ink/facebook\nDiscord: https://discord.com/invite/mileycyrus\n\n#MileyCyrus #EndoftheWorld #SomethingBeautiful', 29225841, 252, '4:12', 'False', 49, 69),
	(70, 'Ravyn Lenae - Love Me Not (Official Music Video)', 'Ravyn Lenae - Love Me Not (Official Music Video)', 'Ravyn Lenae - Love Me Not\nStream/Download: https://ravynlenae.lnk.to/LoveMeNot\n\n‘Bird’s Eye’ out now: https://ravynlenae.lnk.to/BirdsEye \n\nConnect with Ravyn Lenae:\nTikTok - https://www.tiktok.com/@ravynlenae\nInstagram - https://instagram.com/ravynlenae\nX - https://twitter.com/ravynlenae\nFacebook - https://facebook.com/ravynlenae\nSoundcloud - https://soundcloud.com/ravynlenaesounds\n\nSubscribe for more official content from Ravyn Lenae:\nhttps://Atlantic.lnk.to/RLsubscribe\n\nDirector: Ravyn Lenae\nExecutive Producer: Terrains @terrains\nLine Producer: Johnny Vogel\nCinematographer: Brandon Hoeg @h.eg\nSteadicam Operator: Brian Romano @romano1105\n1st AC: Alan Dembek @alandembek\n2nd AC: Kien "Kiki" Lam @kikilam.film\nGaffer: Nick Emmanuele @nickemmanuele\nKey Grip: Valentin Flores @floresv53\nProduction Designer/Props: Samantha George @hello.lunamojo\nProduction Assistant: Michael Villalobos @m.villxlobos\nProduction Assistant: Loiselle "Louie" Morco @louie_m0refl0w\nMovement Coordinator: JonQis Fillyaw @jonqis\n\nEditor: Zoé Kraft @zoe_lawrence_\nColorist: Sam Howells @shmowells\nSound Design: Bryan Schwaller @engineerbryan\nDesign: Eddie Mandell @eddiemandell\nFilm Out: ColorLab @colorlabmd\n\nStylist: Mel Reneé Leamon @melreneestyles\nMake-Up Artist: Mollie Gloss @molliegloss\nHair Stylist: Jacob Dillon @jacobaarondillon\n\nThe official YouTube channel of Atlantic Records artist Ravyn Lenae. Subscribe for the latest music videos, performances, and more.\n\n#LoveMeNot #RavynLenae', 25353734, 219, '3:39', 'False', 50, 70),
	(71, 'Tate McRae - It\'s ok I\'m ok (Official Video)', 'Tate McRae - It\'s ok I\'m ok (Official Video)', 'Tate McRae’s new album, ‘So Close To What’ is out now. Listen here: https://tatemcrae.lnk.to/soclosetowhat    \nShop vinyl, CDs, cassettes and more: https://tatemcrae.lnk.to/Store     \nThe Miss Possessive 2025 World Tour is coming to a city near you! Get tickets here at https://www.tatemcrae.com/\n\nFollow Tate: \nInstagram: https://www.instagram.com/tatemcrae/         \nTikTok: https://www.tiktok.com/@tatemcrae     \nFacebook: https://www.facebook.com/TateMcRaeOfficial/  \nX: https://twitter.com/tatemcrae  \nWebsite: https://www.tatemcrae.com/\n\nFollow T8HQ: \nInstagram: https://www.instagram.com/t8hq\nTikTok: https://www.tiktok.com/@t8hq\nYouTube: https://www.youtube.com/@T8HQ\nThreads: https://www.threads.net/@t8hq\n\nLyrics: \nSee u so excited \nU got him locked down \nUr moving like I did \nBefore I found out \nHe ain’t just a pretty faced talker \nGood with his money \nClose to his mother \nUr seeing one-sided \nU got him right now \n\nAnd she be like he’s so perfect \nI be like oh, what version ?\nAin’t nobody got me this nervous\nOh baby I been there \nAnd right in that same position \nSo baby don’t get this twisted \nNo, nothing could make me miss it\nTake him he’s yours \n\nIt’s ok I’m ok\nHad him in the 1st place \nIt’s ok I’m ok \nIt’s ok I’m ok \nI don’t rlly gotta say it’s ok \nYou can have him anyway \nAnyway \nYou can have him anyway \nAnyway\n\nWas such a romantic \nU got me like fuck that \nSome months and some long flights \nNow I can’t go near that  \n\nAnd she be like he’s so perfect \nI be like oh, what version ?\nAin’t nobody got me this nervous\nOh baby I been there \nAnd right in that same position \nSo baby don’t get this twisted \nNo, nothing could make me miss it\nTake him he’s yours \n\nIt’s ok I’m ok\nHad him in the 1st place \nIt’s ok I’m ok \nIt’s ok I’m ok \nI don’t rlly gotta say it’s ok \nYou can have him anyway \nAnyway\nYou can have him anyway \nAnyway\n\nI don’t want him anyway, girl take him\nI don’t want him anyway, girl take him\nI don’t want him anyway, girl take him\nI don’t want him\nI don’t want him\nI don’t want him anyway, girl take him\nI don’t want him anyway, girl take him\nI don’t, it’s ok, it’s ok, take him\nI don’t want him\nI don’t want him\n\nCredits: \nDirector: Hannah Lux Davis\nStarring: Tate McRae\nCreative Director: Brett Alan Nelson\nChoreographer: Sean Bankhead\nDancers: Delaney Glazer, Stevie Doré, Maycee Steele, and Joya Jackson\nPolice Officers: James Leon and Frank Nicholas Jr.\nCreative Producer: Tatum Abbott\nProduction Company: London Alley\nExecutive Producers: Brandon Bonfiglio and Luga Podesta\nLabel: RCA\nLabel Producer: Sam Houston\nProducer: Andrew Lerios\nProduction Supervisor: Michael Lerios\nProduction Coordinator: Elisabeth Makitalo \nDirector’s Assistant: Jazz Gillies\nDirector of Photography: Corey Waters\nEditor: Graham Patterson\nArtist Management: Full Stop Management\nRCA Records: Sam Houston, Val Pensa, Molly Yorkes, Monica Seetharam, and Jen Tanner\n1st AD: Jonas Morales\n2nd AD: Damon Limbrick\n2nd 2nd: Austin Tong\n1st AC: Payam Yazdandoost \n2nd AC: Chris Marius Jones\nB Cam Operator: Travis Plante \nB Cam 1st AC: Ajiri Akpolo\nDit: Zack Marchinsky\nVTR: Robert Morales\nGaffer: Shaun Pratt \nElectric: Mitch Pratt, Matt Whiteside, Dylan Pratt, Jeff Ferrington Parkhurst, Chris Fergy, Josh Day, and Matt Coleman\nKey Grip: Chris Stalsworth \nGrip: Gary Christie, Donnie Cardenas, Phillip Guarnotta, Eric Covarrubias, Ricky Rosales, and Collin Morrison\nProduction Designer: Hugh Zeigler\nSet Decorator: Christopher Coles\nLead Person: Max Duck\nArt Coordinator: Matt Toth\nSet Dresser: Michael Starbird, Ryan Salisbury, Steve Ramos, Zoe Gittelson, Christopher Katus, William Manville, and Kyle Leeser\nProp Master: Mason Reynolds\nSpecial FX: Simon White\nPost Supervisor: Iván Ovalle\nAssistant Editor: Chloe Scrushy and Tanner Jackson \nColor: Matt Osborne\nVFX: Digital Axis\nCasting: Big Apple Casting\nArtist Wardrobe: Brett Alan Nelson\nMakeup Artist: Lilly Keys\nArtist Hair: Chad Wood\nArtist Nails: Analysse Hernandez \nCast Wardrobe: Karla Miranda \nCast Wardrobe Assistant: Kim Nguyen and Melissa Miranda\nCast Key Makeup: Kenna Reef \nCast Key Makeup Assistant: Katelyn Patty and Leslie Castle\nCast Key Hair: Yalina Flores\nCast Hair Assistant: Eskee Lee and Maurice Cornell\nDirector’s Rep: Tommy LaBuda \nProduction Assistants: Jamie Pinon, Andres Villenueva, Raymond Harper, Sebastian Bordigoni \nMunkhbat Norovsambuu Monk, Julio Almaguer, Joey Pavone, Jackson Cook, Dion O’Joe, Orion Martin, and Travis Harrison \nCatering: Chef’s on the Run \n\n#ItsokImok #TateMcRae #OfficialVideo', 55388007, 182, '3:02', 'False', 36, 71),
	(72, 'Myles Smith - Nice To Meet You (Official Video)', 'Myles Smith - Nice To Meet You (Official Video)', 'Myles Smith - Nice To Meet You (Official Video)\n\nListen to ‘Nice To Meet You’ here - https://MylesSmith.lnk.to/NiceToMeetYouAY\n\n‘A Minute…’, the EP - https://mylessmith.lnk.to/AMinuteAY\n\n‘You Promised A Lifetime’, my debut EP - https://mylessmith.lnk.to/YouPromisedALifetimeAY\nOrder the \'You Promised A Lifetime\' EP Vinyl - https://MylesSmith.lnk.to/StoreAY\n \nAnd that’s not it, I’m also back on the road ⭐\n \nTour dates: https://MylesSmith.lnk.to/tourAY\n \nBe the first to see me live: https://MylesSmith.lnk.to/SignUpAY\n \n \nFollow me on socials:\n \nInstagram: https://MylesSmith.lnk.to/SocialsAY/instagram\nTikTok: https://MylesSmith.lnk.to/SocialsAY/tiktok\nX: https://MylesSmith.lnk.to/SocialsAY/x\nFacebook: https://MylesSmith.lnk.to/SocialsAY/facebook\nSoundcloud: https://MylesSmith.lnk.to/SocialsAY/soundcloud\nTwitch: https://MylesSmith.lnk.to/SocialsAY/twitch\n \nClick here to subscribe to YouTube: https://MylesSmith.lnk.to/SocialsAY/youtube\n \nFollow my Complete Playlist: https://MylesSmith.lnk.to/completeAY\n\n\nCredits:\n\nWriter & Director: Kimberly Stuckwisch\nProducer: Sam Shapiro\nExecutive Producers: Alexa Haywood & Anthony A. Dimaria\nCo-Producer: Dan Leyendecker\nAssociate Producer: Roy Castillo\nDirector Of Photography: Justin Hamilton\nProduction Designer: Kimberly Stuckwisch\nCostume Designer: Kimberly Stuckwisch\nEditor: Alex ‘Splice’ Jones\nVisual Effects: Ryan Ross\nColorist: Stephen Derluguian\nSteadicam Operator: Kc Kennicutt\n1st AC: Brooks Birdsall\nArt Director: Zack Scott\nHair & Makeup Artist: Caitlin Anderson\nGaffer: Peter Klemek\nKey Grip: Dan Leonard\nSwings: Tinus Seaux, Colton Wilie & Tyler Taliaferro\nProduction Assistants: Jason Goolsby & Tai Hallstein\nWriter & Director: Kimberly Stuckwisch\nProducer: Sam Shapiro\nExecutive Producers: Alexa Haywood & Anthony A. Dimaria\nCo-Producer: Dan Leyendecker\nAssociate Producer: Roy Castillo\nDirector Of Photography: Justin Hamilton\nProduction Designer: Kimberly Stuckwisch\nCostume Designer: Kimberly Stuckwisch\nEditor: Alex ‘Splice’ Jones\nVisual Effects: Ryan Ross\nColorist: Stephen Derluguian\nSteadicam Operator: Kc Kennicutt\n1st AC: Brooks Birdsall\nArt Director: Zack Scott\nHair & Makeup Artist: Caitlin Anderson\nGaffer: Peter Klemek\nKey Grip: Dan Leonard\nSwings: Tinus Seaux, Colton Wilie & Tyler Taliaferro\nProduction Assistants: Jason Goolsby & Tai Hallstein\n\n\nCast:\n\nRay: Abyon Ausar\nMallory: Koffee Hill\nEthan: Forestt Randall\nMia: Sherry Landry\nSherry: Regina Grimes\nBartender: Zack Scott\nBouncer: William Clark\nRay Double: Payton Brown-Simon\n \nBar Extras:\nMichael Best\nHayden Butler\nAlec Collins\nLayla Cullen\nJuniper Darrow\nDarby Dennis\nSabrina Kendakur\nJonathan Lopez\nTrina Phillips\nJuan Reyes\nSean Rodriguez\nAngel Sanchez\nLily Shepard\nAmanda Surratt\nJeanne Todd\nAnastasia Vayner\nHailey Whidden\nKayla Whittaker\nMaddi Mae Sharkey\n\n \nLyrics:\n \nLonely in this crowd I sit alone\nOh\nOne more drink away from heading home\nOh\n \nOh I can feel the night slipping by\nAway from me\nAnd oh, she caught my eye through the light\nThen she came right up to me\n \nShe said oh, hi nice to meet you\nTonight maybe we could\nGo dance, get up off our feet\nShe said this life ain’t forever\nOne song here together\nThen let\'s play it on repeat\n \nWe can dance, we can dance all night\nWe can dance ’til the morning light\nLet’s forget about our worries and the wild world outside\nShe said oh, hi nice to meet you\nTonight maybe we could\nGo dance, get up off our feet\nWe can dance, we can dance all night\n \nShe took my hand and led me through the dark\nOh\nShe said feel the beat, forget that broken heart\nOh\n \nAnd oh I can feel the night slipping by\nAway from me\nAnd oh, I saw the light in her eyes\nGlad she came right up to me\n \nShe said oh, hi nice to meet you\nTonight maybe we could\nGo dance, get up off our feet\nShe said this life ain’t forever\nOne song here together\nThen let\'s play it on repeat\n \nWe can dance, we can dance all night\nWe can dance ’til the morning light\nLet’s forget about our worries and the wild world outside\nShe said oh, hi nice to meet you\nTonight maybe we could\nGo dance, get up off our feet.\nWe can dance, we can dance all night\n \nWe can dance, we can dance all night\n \nShe said oh, hi nice to meet you\nTonight maybe we could\nGo dance, get up off our feet\nShe said this life ain’t forever\nOne song here together\nThen let\'s play it on repeat\nWe can dance, we can dance all night\n\n \n#MylesSmith #NiceToMeetYou #AMinute', 32203892, 207, '3:27', 'False', 26, 72),
	(73, 'Claudia Valentina - Candy (Official Video)', 'Claudia Valentina - Candy (Official Video)', 'Official video for Claudia Valentina new single “Candy”\n\nClaudia Valentina - Candy is out now\n\nListen & Download “Candy”: https://stem.ffm.to/candy\n\nMusic Video credits \nDirector: Erik He\nCreative Director / Editor: Claudia Valentina\nProd co: Blonde inc\nQuad bike driver (IG): @bikelife_birmingham_ \n\nLYRICS\n\nmy candy brings all the girls to the yard\nAnd they’re like, should we take one more\nsee a man might, have to wait at the door \nd*mn right, he a fan right? \npretty and they\n\nall my b**ches anime they pretty and they f**k\npack em in a Chevrolet and take em to the spot \nc’est la vie, mes ami, 23 and I’m up \ncasamigos, something for my ego\nin a veto, 20 something people \nplease don’t f**k up my libido \ngive me sweet talk\ntell me, tell me, tell me, \n\nahhhhh, you like it when I’m on\nmy lipstick on your tongue \njust tell me when ur done \n\nMy candy brings all the girls to the yard\nAnd they’re like, should we take one more\nsee a man might, have to wait at the door \nd*mn right, he a fan right? \n\nMy candy brings all the girls to the yard\nAnd they’re like, should we take one more\nsee aman might, have to wait at the door \nd*mn right, he a fan right? \n\nblood spike, ice white, lips lined, looks like \nI might take one, you should play along do the same \nlips locked, it’s hot, it’s not what it looks like \ntry a little just for the taste\n\nall these pink pills do these laps round my tongue\neasy baby don’t turn me on \nlike teasin it don’t you tease\n\nahhhhh, you like it when I’m on\nmy lipstick on your tongue \njust tell me when ur done \njust tell me when ur done \n\nMy candy brings all the girls to the yard\nAnd they’re like, should we take one more\nsee a man might, have to wait at the door \nd*mn right, he a fan right? \n\nMy candy brings all the girls to the yard\nAnd they’re like, should we take one more\nsee a man might, have to wait at the door \nd*mn right, he a fan right? \n\nCandy / Girls girls / And they’re like /Candy \n\nWritten by \nChad Hugo, Pharrell Williams, Claudia Valentina, LiTek, whYJay, Albin Tengblad, Simon Jonson\n\nProduced by\nLiTek, whYJay, Albin Tengblad, Simon Jonson\n\nFollow Claudia Valentina: \nTikTok: https://www.tiktok.com/@claudia_valentina_\nInstagram: https://www.instagram.com/claudia_valentina__/\nTwitter: https://x.com/claudiavlntna?lang=gu\nFacebook: https://www.facebook.com/ClaudiaVLNTNA/\n\n#ClaudiaValentina #Candy #KelisMilkshake', 667846, 120, '2:00', 'False', 51, 73),
	(74, 'Lady Gaga - Disease (Official Music Video)', 'Lady Gaga - Disease (Official Music Video)', 'MAYHEM OUT NOW\nhttp://ladygaga.com \n \nFollow Lady Gaga:\nFacebook: https://www.facebook.com/ladygaga  \nInstagram: https://www.instagram.com/ladygaga  \nTikTok: https://www.tiktok.com/@ladygaga  \nTwitter: https://twitter.com/ladygaga \nYouTube: https://www.youtube.com/ladygaga      \nWebsite: https://www.ladygaga.com  \n\nMusic video by Lady Gaga performing Disease.© 2024 Interscope Records', 46125355, 261, '4:21', 'False', 2, 74),
	(75, 'Tyla - PUSH 2 START (Official Music Video)', 'Tyla - PUSH 2 START (Official Music Video)', 'Tyla - PUSH 2 START (Official Music Video)\n\n"TYLA+" available at: https://tyla.lnk.to/TylaPlus\n\nFollow Tyla:\nhttps://instagram.com/tyla\nhttps://www.tiktok.com/@tyla_\nhttps://twitter.com/Tyllaaaaaaa\n\n(C) 2024 FAX Records, under exclusive license to Epic Records, a division of Sony Music Entertainment\n\n#Tyla #PUSH2START', 111453988, 158, '2:38', 'False', 52, 75),
	(76, 'Coldplay - ALL MY LOVE (Official Video)', 'Coldplay - ALL MY LOVE (Official Video)', 'All My Love is taken from Coldplay\'s tenth studio album Moon Music, available here: https://coldplay.lnk.to/MoonMusic ????\n\nCREDITS\nStarring Dick Van Dyke and family\nDirected by Nigel Crisp \nProduced by Rob Hatch-Miller & Jorie Feldman\nProducers: Dick Van Dyke & Arlene Silver\nDirector of Photography: Shabier Kirchner\nProduction Designer: Florencia Martin\nManaging Director for Arts & Sciences: Mal Ward\nDirector of Production / EP Arts & Sciences: Christa Skotland\nProduction Supervisor: Saeed Chabayta\nProduction Coordinator: Puloma Basu\nProducer: Thomas Smith\n1st AD: Alison Chozen\n1st AC: Ruby Paiva\n1st AC: Jesse Amorratanasuchad\n2nd AC: Michelle Su\nDIT: Matt Krueger\nAsst. Art Director: Olivia Ferguson\nLeadperson: Ryan Wilson\nSet Dresser: Ashley Kinser\nSet Dresser: Erik Rhea\nChief Lighting Tech: Eddie Reid\nBest Boy Electric: Brian Dailey \nElectric Driver: Hassan Jabbar\nKey Grip: Otis Burkes\nBest Boy Grip: Bobby Thomas\nGrip: Bobby Rose\nGrip Driver: Luis Sandoval\nSound Mixer: Dan Kelly\nBoom: Michael Alaynick\nBand Manager: Phil Harvey\nBand Co-Manager: Mandi Frost\nBand Co-Manager: Arlene Moon\nBand Mgmt Coordinator: Lauren Rauch\nVideo Commissioner: Sam Seager\nBand Audio: Bill Rahko\nBand Audio & Music Edit: Miguel Lara\nCM Glam: Britt Sullivan\nBTS Stills: Laura Johansen\nBTS Video: Derek Milton\nGroomer: Britt Sullivan\nKey HMU: Jennifer Corona\nKey HMU: Roz Music\nHMU: Danielle Haxton\nHMU Assistant: Bryan Ramirez\nHMU Assistant: Sarah Loranca\nHMU Assistant: Katelyn Patty\nCostume Designer: Anaïs Castaldi\nCostume Designer: Hannah Greenblatt\nTailor: Soyoung Shin\nSet PA: Landon Lueck\nSet PA: Emerson Knapp\nTalent PA: Charlotte Smith\nPass Van PA: Alex Ewell\nPass Van PA: Dylan Sutherland\nPass Van PA: Felicia Laguna\nSet Medic: Morris Brown\nCraft Services: Alex Aloe\nFire Safety: Robert Sutton\nFire Safety: Alan Taylor                 \nColor: Trafik\nColorist: Dmitri Zola\nColor Assistant: Jacob Suffern\nColor Producer: Hugh Copeland\nExecutive Producer: Robert Owens     \nMix: Squeak E Clean\nMixer: Chris Nungary\nExecutive Producer: Michael Gross\nSenior Producer: Angelina Phengphong     \nVFX: Significant Others\nCreative Director: Thom Reimerink\nHead of Design: Phil Brooks\nExecutive Producer: Alyssa St.Vincent\nHead of Production: Alexandra Leal\nClearance: Susan Nickerson\nLegal & Business Affairs for Parlophone: Kate Allen & Emma Cooper\nAssistant to Mr. & Mrs. Van Dyke: Jimmy Staley\n\nTHE ED SULLIVAN SHOW\n© All Rights Reserved\nCourtesy of SOFA Entertainment\n \nCHITTY CHITTY BANG BANG © 1968 Metro-Goldwyn-Mayer Studios Inc. \nAll Rights Reserved.\nCourtesy of MGM Media Licensing \n \nTHE DICK VAN DYKE SHOW \n© All Rights Reserved\nCourtesy of Calvada Productions\n\nMARY POPPINS © 1964 \nAll Rights Reserved\nCourtesy of Disney Enterprises, Inc.\n\nCourtesy of CBS Photo Archive\n\nHulton Archive via Getty Images\n\nEmmy Statuette © ATAS/NATAS\n\nAn Arts & Sciences Production\n\nFOLLOW AND LISTEN TO COLDPLAY\nhttps://coldplay.lnk.to/Follow\n\nABOUT COLDPLAY\nSince forming at university in London, Coldplay have gone on to become one of the planet’s most popular acts, selling more than 100 million copies of their nine Number One albums, which have spawned a string of hits including Yellow, Clocks, Fix You, Paradise, Viva La Vida, A Sky Full Of Stars, Hymn For The Weekend, Adventure Of A Lifetime, Orphans, Higher Power and My Universe. Their newest album, Moon Music, is out now, featuring the singles feelslikeimfallinginlove, WE PRAY and ALL MY LOVE.\n\n#coldplay #moonmusic #allmylove', 46253970, 240, '4:00', 'False', 53, 76),
	(77, 'JENNIE - Mantra (Official Video)', 'JENNIE - Mantra (Official Video)', 'Official music video for “Mantra” by JENNIE out now: https://jennie.lnk.to/mantra\n\n\'Ruby\' The 1st Studio Album out now: https://jennie.lnk.to/ruby\n\nDirected by Tanu Muino\n\nFollow JENNIE -\nInstagram: https://www.instagram.com/jennierubyjane\nTikTok: https://www.tiktok.com/@jennierubyjane\nTwitter: https://twitter.com/jennierubyjane\nhttps://jenn.ie\n\nFollow JENNIE HQ -\nInstagram: https://www.instagram.com/jennie_hq\nTikTok: https://www.tiktok.com/@jennie_hq\nTwitter: https://twitter.com/jennie_hq\n\n#JENNIE #Mantra #제니', 208325690, 147, '2:27', 'False', 16, 77),
	(78, 'The Weeknd - Open Hearts (Official Video)', 'The Weeknd - Open Hearts (Official Video)', 'Directed by Anton Tammi\nSPECIAL VISUAL EFFECTS: Jason Walker\n\nMusic video by The Weeknd performing Open Hearts.© 2025 The Weeknd XO Music ULC', 23070337, 320, '5:20', 'False', 33, 78),
	(79, 'Insãne Shinobi & Johnnie Noct - REVENGE (Official Music Video)', 'Insãne Shinobi & Johnnie Noct - REVENGE (Official Music Video)', 'Insãne Shinobi & Johnnie Noct - REVENGE\n\nListen & Download “REVENGE” out now: https://unitedmasters.com/m/revenge-126\n\nDirected by Chase Greene\nDOP: JJ & Ai Miyazaki\n\nFollow Insãne Shinobi -\nInstagram: https://www.instagram.com/shinobi_the_lonely_/\nTiktok: https://www.tiktok.com/@shinobi_the_lonely\n\nFollow Johnnie Noct-\nInstagram: https://www.instagram.com/johnnie_noct/\nTiktok: https://www.tiktok.com/@johnnie_noct\n\n#newmusic #musicvideo #alternativehiphop #insaneshinobi #johnnienoct', 6174, 169, '2:49', 'False', 54, 79),
	(80, 'Imagine Dragons - Take Me To The Beach (feat. Ado) (Official Lyric Video)', 'Imagine Dragons - Take Me To The Beach (feat. Ado) (Official Lyric Video)', 'Imagine Dragons - Take Me To The Beach (feat. Ado) (Official Lyric Video)\n\nListen to Take Me To The Beach (feat. Ado): https://imaginedragons.lnk.to/TMTTBAdo\n \nLOOM. our sixth studio album. Listen and purchase now: https://imaginedragons.lnk.to/loom \nShop LOOM merch & music products: https://imaginedragons.lnk.to/loomstore \n \nFollow Imagine Dragons:\n \nFacebook: https://ImagineDragons.lnk.to/Facebook\nTwitter: https://ImagineDragons.lnk.to/Twitter\nInstagram: https://ImagineDragons.lnk.to/Instagram\nTikTok: https://ImagineDragons.lnk.to/TikTok\nDiscord: https://imaginedragons.lnk.to/discord\n \nSign up for email updates: https://ImagineDragons.lnk.to/EmailList\n \nFollow Ado:\nhttps://twitter.com/ado1024imokenp\nhttps://www.tiktok.com/@ado1024osenbei\n\nLyrics:\n \nPeople-pleasin\' planet\nGot a million people sayin\' how to plan it\nI can no longer stand it\nGonna spend my days tellin\' them to can it\nEach and to their own\nGot a salesman ringin\' my phone\nTell me where to go\nNo, I don\'t wanna hear the down low\n\nI owe, oh-oh-oh\nNothin\', not a penny, never wanna hear you preach\nNo, oh-oh-oh\n\n(Take-take-take-take) Take me to the beach\nAh-ah-ah, you can have the mountains\nAh-ah-ah, you take the snow\nAh-ah-ah, it\'s way too cold\nMy heart is cold enough\nAh-ah-ah, push comes to shove\nAh-ah-ah, you can have the mountains\nAh-ah-ah, I\'ll take the beach\n\n聞く耳断つ\n奴が大層な胸を張る\nまた構わずやる\n「望まない」から舌を打つ\nえ？\nあぁ、神か仏か？ヒト気取りか？\n頭の中\nLeave me alone\n誰になればいいの？\nTake your hands off!\n\nI owe, oh-oh-oh\n吐き出す前に口をとじろ\nNo, oh-oh-oh\n\n(Take-take-take-take) Take me to the beach\nAh-ah-ah, you can have the mountains\nAh-ah-ah, you take the snow\nAh-ah-ah, it\'s way too cold\nMy heart is cold enough\nAh-ah-ah, push comes to shove\nAh-ah-ah, you can have the mountains\nAh-ah-ah, I\'ll take the beach\n\nI\'m better off alone\nLike a rollin\' stone\nTurnin\' off my phone\nNo one bringin\' me down, down, down, down\nJust give me some space\nThat sun in my face\nAnd the days go on, and on, and on, and on (T-A-K-E, T-A-K-E)\n\nT-A-K-E, take me to the beach (Oh)\nAh-ah-ah, you can have the mountains (Have the mountains)\nAh-ah-ah, you take the snow\nAh-ah-ah, it\'s way too cold (It\'s way too cold)\nMy heart is cold enough (Oh)\nAh-ah-ah, push comes to shove\nAh-ah-ah, you can have the mountains\nAh-ah-ah, I\'ll take the beach (I\'ll take the)\nTake me to the (I\'ll take the)\n\nI don\'t have no friends, ask anyone (そう何も)\nGot me \'til the end, my favorite one (最後まで)\nI don\'t have no friends, ask anyone (そう誰も)\nGot me \'til the end, my favorite one (最後まで)\n\n#imaginedragons #loom #takemetothebeach #ado\n\nMusic video by Imagine Dragons performing Take Me to the Beach (Lyric Video).© 2024 KIDinaKORNER/Interscope Records', 30301956, 167, '2:47', 'False', 55, 80),
	(81, 'Justin Bieber - DAISIES (Audio)', 'Justin Bieber - DAISIES (Audio)', 'Stream/Download: https://JustinBieber.lnk.to/SWAG\nShop: https://JustinBieber.lnk.to/Shop\n\nFollow Justin:\nhttps://www.instagram.com/lilbieber\nhttps://x.com/justinbieber\nhttps://www.tiktok.com/@justinbieber\nhttps://www.facebook.com/JustinBieber\n \nSign up for Justin’s newsletter: http://justinbiebermusic.com', 24709753, 176, '2:56', 'False', 56, 81),
	(82, 'Sabrina Carpenter - Bed Chem (Official Lyric Video)', 'Sabrina Carpenter - Bed Chem (Official Lyric Video)', 'Listen to Short n’ Sweet, out now: https://sabrinacarpenter.lnk.to/ShortNSweet\nWatch all Short n’ Sweet videos here: https://SabrinaCarpenter.lnk.to/ShortnSweetVideos\n\nVisual by: JJ Stratford\nLyric Animation by: Nagina Lane\n \nNew merch available: https://SabrinaCarpenter.lnk.to/Merch\n\nSubscribe to Sabrina’s channel: https://bit.ly/SCYTsubscribe\n \nFollow Sabrina Carpenter: https://linktr.ee/sabrinacarpenter\nInstagram: https://www.instagram.com/sabrinacarpenter\nFacebook: https://www.facebook.com/sabrinacarpenter\nTwitter: https://x.com/SabrinaAnnLynn\nTikTok:  https://www.tiktok.com/@sabrinacarpenter\n \nLyrics:\nI was in a sheer dress\nThe day that we met \nWe were both in a rush \nWe talked for a sec \nYour friend hit me up \nSo we could connect\nAnd what are the odds \nYou send me a text \nAnd now the next \nThing I know I’m like \nManifest\nThat you’re oversized \nI digress \nGot me scrollin’ like \nOut of breath \nGot me going like \nOooo ahhhhh \n \nWho’s the cute boy with the white jacket and the thick accent like \n(Ahhhhh) \nMaybe it’s all in my head \n \nBut I bet we’d have really good bed chem \nHow you pick me up pull ‘em down turn me round oh it just makes sense \nHow you talk so sweet when you’re doing bad things \nThat’s bed chem \nHow you’re looking at me yea I know what that means and \nI’m obsessed\nAre you free next week? \nI’d bet we’d have really good \n \nCome right on me \nI mean camaraderie    \nSaid you’re not in my time zone but you wanna be \nWhere art thou? Why not uponeth me? \nSee it my mind let’s fulfill the prophecy \n \nWho’s the cute guy with wide blue eyes and the big bad mmm like \nI know I sound a bit redundant \n \nBut I bet we’d have really good bed chem \nHow you pick me up pull ‘em down turn me round oh it just makes sense \nHow you talk so sweet when you’re doing bad things \nThat’s bed chem \nHow you’re looking at me yeah I know what that means and \nI’m obsessed\nAre you free next week? \nI’d bet we’d have really good \nBed chem \n \nAnd I bet we’d both arrive at the same time \nAnd I bet the thermostats set at six nine \nAnd I bet it’s even better than in my head \n\n\nHow you pick me up pull ‘em down turn me round oh it just makes sense \nHow you talk so sweet when you’re doing bad things \nThat’s bed chem \nHow you’re looking at me yeah I know what that means and \nI’m obsessed\nAre you free next week? \nI’d bet we’d have really good\n\n#SabrinaCarpenter #BedChem #LyricVideo #ShortnSweet\n\nMusic video by Sabrina Carpenter performing Bed Chem (Lyric Video).© 2024 Island Records, a division of UMG Recordings, Inc.', 44470482, 172, '2:52', 'False', 5, 82),
	(83, 'Dua Lipa - Illusion (Official Music Video)', 'Dua Lipa - Illusion (Official Music Video)', 'Listen to \'Radical Optimism\', the new album here: https://dualipa.lnk.to/radicaloptimism\nStream \'Illusion\' now: https://dualipa.lnk.to/illusion\n\nSubscribe to the Dua Lipa channel for all the best and latest official music videos, behind the scenes and live performances. \n\nFollow Dua Lipa:\nInstagram:  https://instagram.com/dualipa\nFacebook: http://facebook.com/dualipa\nTikTok: https://www.tiktok.com/@dualipaofficial\nTwitter: http://twitter.com/dualipa\nYouTube: https://youtube.com/@dualipa\nWhatsApp: https://dualipa.lnk.to/textme\n\n#DuaLipa #illusion \n\n---\n\nCREDITS:\n\nDIRECTOR: Tanu Muiño\nPRODUCED BY: UnderWonder Content\nPRODUCED BY: PRIMO\nDIRECTOR OF PHOTOGRAPHY: Nikita Kuzmenko\nPRODUCER: Karen Saurí Marchán aka DRAMA\n\nEP UNDERWONDER CONTENT: Frank Borin\nEP UNDERWONDER CONTENT: Ivanna Borin\nUK EP FREEAGENT / UNDERWONDER CONTENT: Alexa Haywood\nMD / EXECUTIVE PRODUCER PRIMO CONTENT: Cora Rodriguez\n\nRECORD LABEL: Warner UK\nCOMMISSIONER: Theresa Adebiyi\n\nMANAGEMENT: Radical 22\nMANAGER: Dugi Lipa\nDAY- TO- DAY MANAGER: Sofia Gold\nPRODUCER: Pete Abbot\nEA: Maisy Nicholson\nPA: Olivia Moss\n\nPRODUCTION DESIGNER: Spencer Graves\nPRODUCTION MANAGER: Anna Salgado & Dani Molina.\n1st AD: Oleksii Smoliar\nEDITOR: Carlos Font Clos\nCHOREOGRAPHER: Charm La ‘Donna\nASSOCIATE CHOREOGRAPHER: Sharon June\nASSISTANT CHOREOGRAPHER: Sammi Lee-Jayne\nARTISTIC SWIMMING CHOREOGRAPHER: Paula Alcorta Hojas\n\nARTIST STYLIST: Lorenzo Posocco\nARTIST STYLIST ASSISTANT: Raeann Hayden\nARTIST MAKE UP ARTIST: Katie Jane Hughes\nDUA LIPA · MAKE UP ARTIST ASSIST: Laura Asturgo\nARTIST HAIR ARTIST: Peter Lux\nDUA LIPA · HAIR ARTIST ASSIST: Tom Arnett\nARTIST NAILS: Michelle Humphrey\nARTIST SEAMSTRESS: Allison Ozeray \n\nCASTING: Marti Méndez, Alba Sobrepera, Sam Vazquez, Max Cargnello, Alicia y Pablo Casting\nCOLORIST: Tim Masick @Company 3\nPOST COORDINATOR: Júlia París @Only Postproduction\n\nPRODUCTION COORDINATOR: Martí Méndez, Marta Mur.\nPRODUCTION ASSIST: Neus Flotats, Júlia Escudero, Alba Sobrepera, Marta del Portillo \nLOCAL 1ST AD: Edgar Vicho\nSCOUTER: Edu Giménez\nLOCATION MANAGER: David Ceballos\n\n2nd CAMERA OPERATOR: Lucas Casanovas\n1ST AC \'s: Hector Julian, Dani Gallardo, Raul Mulas. \n2nd AC \'s : Ana Sánchez, Anna Albiac. \nVTR: Dani Garcia\nDIT: Pablo de Val\nDATA WRANGLER: Miriam Bou\n \nCAMERA GIMBAL OPERATOR: Xavi Guillen \nDRONE PILOT: Pedro Nuñez\nDRONE CAMERA OPERATOR: Raul Aguilera \nKEY GRIP Grip Support: Luis Vieites\nCRANE OPERATOR Service Vision: Jordi Galan, Pedro Diez \nGAFFER: Rafa Ramirez\nBEST BOY: Alejandro Narvaez\n\nART DIRECTOR: Teresa Montanuy\nART ASSISTANT: Julia Comín\nPROPS BUYERS: Jordi Martí Casas, Nuria Fontané\nSET DRESSER: Tupac Martin Damia, Juan Carlos Sabaté, Santiago Mario Giacometti Balmaceda\nWATER RING &  BENCH BUILDER: Santi P. Seoane \nTOWER BUILDER: In Extremis\n\nTALENT STYLIST: Jose Carayol\nTALENT MAKE UP & HAIR ARTIST: Andrea Trenado, Xavi Valverde\nTALENT STYLIST ASSIST: Julia Puig & Andrea Goldfinger\nSEAMSTRESS: Rosa Perez \nHAIR AND MAKE UP ARTIST ASSIST: Laura Sans, Vero Mejias, Lu Romero, Alicia Robles, Mechi Velasques, Jesús Alameda, Júlia Vargas, Piri Ureña\n \nAGENT: AMCK Dance \nMAIN DANCERS: Ché Barrett - Davis/ Sergio Berretegea, Kane Horn, Ben Hukin, Lamaar Manning, Zacc Milne, Ed Munro, Jason Nguyen, Antonio Spinelli, Sam Vazquez\n\nARTISTIC SWIMMERS: Txell Mas Pujadas, Berta Ferreras Sanz, Paula Ramírez Ibáñez Blanca Toledano Laut, Cristina Arámbula Casares, Marina García Polo, Alisa Ozhogina Ozhogin, Iris Tió Casas, Sara Saldaña López, Estel Ferreras Sanz, Claudia Ballero Muñoz, Nuria Martín-Mora Segura, Valeria Parra Telegina, Júlia Siquier Tarrés\nARTISTIC SWIMMER: Dennis González Boneu\n \nWATER POLO PLAYERS: Lucas Delgado, Ignacio Lucero, David Jiménez Ruiz de la Torre, Àlex Royo Casadó, Dorian Acuña Pradas\n \nDIVERS: Biel Clemente González, Alberto Devora, Adrià Garcia Closa, Martí Llop Riera\n \nACROBAT MANAGER: Max Cargnello\n \nFX: In Extremis Film Services \nFX SUPERVISOR: Juan Carlos Davila Ramos\nFX SUPERVISOR: Lluís Rivera Jove \nFX TECHNICIANS: Roger Salvany Reyes, Joan Bartolomé Guillén, Jesús Manuel Duran Martínez, Juan Fuentes Rodríguez, Alex Andrés, Sergi Escuin, Raúl Rodríguez, Victor García, Roger Méndez Camps, Jonathan Álvarez Jiménez, Julian Garcia Arévalo \nSTUNT PERFORMER: Alicia Garcia\n\nSOUND · PLAYBACK TECH: Jordi Salinas\nSOUND · PLAYBACK ASSIST: Nicolás Celery\n \nEDITOR ASSIST: Bernat Udina \nVFX: Roman Onufriychuk, Konstantin Evtukhov, Olha Malishchuk, Karina Kuzmytska \nPOST STUDIO: Only Postproduction\nONLINE: Sara Wu Pineda \nBEAUTY FX PRODUCER: Max Colt\nBEAUTY FX: Digital Beauty Work\n \nBTS STILLS: Liz Miranda\nBTS VIDEO: Aysia Marotta\nBTS CONTENT: amitybloc\nTALENT BTS STILLS: Yukka Podolskaya', 80373280, 187, '3:07', 'False', 57, 83),
	(84, 'Sabrina Carpenter - Busy Woman (Official Lyric Video)', 'Sabrina Carpenter - Busy Woman (Official Lyric Video)', 'Listen to Short n’ Sweet Deluxe, out now: https://sabrinacarpenter.lnk.to/ShortNSweetDeluxe\nWatch all Short n’ Sweet videos here: http://SabrinaCarpenter.lnk.to/ShortnSweetVideos\n\nVisual by: JJ Stratford\nLyric Animation by: Nagina Lane\n \nNew merch available: https://SabrinaCarpenter.lnk.to/Merch\n\nSubscribe to Sabrina’s channel: https://bit.ly/SCYTsubscribe\n \nFollow Sabrina Carpenter: https://linktr.ee/sabrinacarpenter\nInstagram: https://www.instagram.com/sabrinacarpenter\nFacebook: https://www.facebook.com/sabrinacarpenter\nTwitter: https://x.com/SabrinaAnnLynn\nTikTok:  https://www.tiktok.com/@sabrinacarpenter\n\nLyrics:\nOh, hey\nI\'m so mature, collected and sensible\nExcept when I get hit with rejection\nTo turn me down\nWell, that\'s just unethical\nI\'ll turn into someone you\'re scared to know\n\nBut if you need my love\nMy clothes are off\nI\'m coming over to your place\nAnd if you don\'t need (if you don\'t need) my love\nWell, I didn\'t want your little bitch-ass anyway\nYeah, I\'m a busy woman\nI wouldn\'t let you come into my calendar any night\nBut if you want my kisses\nI\'ll be your perfect Mrs.\n\'Til the day that one of us dies\n\nOh, hey\nBusy woman, all the time\nBusy woman\nSo much to shave and lipstick to reapply\nMaybe for you, though, I could accommodate\nI\'m flexible\nSo just tell me what you like\nTantric yoga baby\nNamaste\nIf you don\'t want me\nI\'ll just deem you gay\n\nBut if you need my love\nMy clothes are off\nI\'m coming over to your place\nAnd if you don\'t need (if you don\'t need) my love\nWell, I didn\'t want your little bitch-ass anyway\nYeah, I\'m a busy woman\nI wouldn\'t let you come into my calendar any night\nBut if you want my kisses\nI\'ll be your perfect Mrs.\n\'Til the day that one of us dies\nBusy woman\nAll the time\nBusy woman\nFor the rest of my life\nMy openings are super tight\nBusy woman\nUnless you call tonight\nNight, ooh\n\nBut if you need my love\nMy clothes are off\nI\'m coming over to your place\nAnd if you don\'t need (if you don\'t need) my love\nWell, I didn\'t want your little bitch-ass anyway\nCuz I\'m a busy woman\nI wouldn\'t let you come into my calendar any night\nBut if you want my kisses\nI\'ll be your perfect Mrs.\n\'Til the day that one of us dies\n\n#SabrinaCarpenter #BusyWoman #LyricVideo #ShortnSweetDeluxe\n\nMusic video by Sabrina Carpenter performing Busy Woman (Lyric Video).© 2025 Island Records, a division of UMG Recordings, Inc.', 20923612, 187, '3:07', 'False', 5, 84),
	(85, 'Addison Rae - Diet Pepsi (Official Video)', 'Addison Rae - Diet Pepsi (Official Video)', 'Addison Rae will return in Aquamarine…\n\nOfficial Video for “Diet Pepsi” by Addison Rae\n \nListen to & Download “Diet Pepsi” out now: https://addisonrae.lnk.to/dietpepsi\n  \nFollow Addison:\nhttps://www.x.com/whoisaddison\nhttps://www.tiktok.com/@addisonre\nhttps://www.instagram.com/addisonraee\nhttps://www.youtube.com/@AddisonRae\nwww.addisonrae.com\n \nText Addison:\n310-356-9261\n \nLyrics:\nMy boy’s a winner\nHe loves the game\nMy lips reflect off his cross-gold chain\nI like the way\nHe’s telling me\nMy ass looks good in these ripped blue jeans\nMy cheeks are red like cherries in the spring\nBody’s a work of art you’d die to see\n \nUntouched\nXO\nYoung lust\nLet’s\n \nWhen we drive in your car\nI’m your baby (so sweet)\nLosing all my innocence in the backseat\nSay you love say you love\nSay you love me (love me)\nLosing all my innocence in the backseat\n \nWhen we drive in your car\nI’m your baby (so sweet)\nLosing all my innocence in the backseat\nSay you love say you love\nSay you love me (love me)\nLosing all my innocence in the backseat\n \nBreak all the rules till we get caught\nFog up the windows in the parking lot\nSummer love\nSexy\nSittin’ on his lap sippin’ diet pepsi\n \nI write my name with lipstick on your chest\nI leave a mark so you know I’m the best\n \nUntouched\nXO\nYoung lust\nLet’s go\n \nWhen we drive in your car\nI’m your baby (so sweet)\nLosing all my innocence in the backseat\nSay you love say you love\nSay you love me (love me)\nLosing all my innocence in the backseat\n \nWhen we drive in your car\nI’m your baby (so sweet)\nLosing all my innocence in the backseat\nSay you love say you love\nSay you love me (love me)\nLosing all my innocence in the backseat\n \nWhen we, baby\nXO\nWhen we, baby\nXO\n \nWhen we drive in your car\nI’m your baby (so sweet)\nLosing all my innocence in the backseat\nSay you love say you love\nSay you love me (love me)\nLosing all my innocence in the backseat\n \nWhen we drive in your car\nI’m your baby (so sweet)\nLosing all my innocence in the backseat\nSay you love say you love\nSay you love me (love me)\nLosing all my innocence in the backseat\n \nUntouched\nYoung Lust\nXO\nLet’s go\n \nCredits:\nArtist: Addison Rae\nStarring: Drew Van Acker\n \nDirector & DP: Sean Price Williams\nProducer: Alex Coco\nProduction Company: Psycho Films\nExecutive Producer: Sam Canter\nProduction Supervisor: Eliza Padden\nAssistant Producer Supervisor: Eve Rogers\n1st AD: Kenneth Taylor\n \nCreative Direction: Mel Ottenberg\nCreative Consultant: Lexee Smith\nMovement Direction: Danielle Polanco\n \nPhotos & Video BTS: Lexee Smith\nPhotos & Video BTS: Mikayla LoBasso\nPhotos & Video BTS: Yasmine Diba\n \nHair: Evanie Frausto\nMakeup: Leah Darcy\nNails: Natalie Minerva\nStylist: Spencer Singer\nStyling Assistant: Ray Braungart\nTailor: Logan Neitzel\n \n1st AC / Additional Photography: Rhys Scarabosio\n2nd AC / Loader: Liam Shore\nGaffer: Mike Withers\nBBE: Justin Moynihan\nKey Grip: Tyler Johnson Williams\nBest Boy Grip: Mike Gardner\nBest Boy Grip: Andy Grishikian\nProduction Designer: Hugh Ziegler\nPicture Car: Jason Daez Salinas\nSet Dresser: AJ Bucknall\nART PA: Travis Harrison\nVTR & Playback: Angel Cifuentes\nCraft Service: Raquel Farca\nProduction Assistant: Marissa Traver\nProduction Assistant: April Rivera\nProduction Assistant: Jane Kim\nProduction Assistant: Dion O’Joe\nProduction Assistant: Jake Fenster\n \nEditor: Stephen Gurewitz\nGraphic Artist: Lenny Vigden\nColorist: Jason Crump\nSound Mix: Somepoint Sound\n\nEditor: Stephen Gurewitz\nGraphic Artist: Lenny Vigden\nColorist: Jason Crump\nSound Mix: Somepoint Sound\nPost Production: Metropolis Post\nColorist: Esteban Palma\n\nCommissioner / Columbia Records: Bryan Younce\n \nArtist Management: Joe Izzi\nArtist Management: Justin Greenberg\nArtist Management: Sharon Jackson\n \nSpecial Thanks to Sonos Ace\n \n#AddisonRae #DietPepsi', 35211939, 180, '3:00', 'False', 58, 85),
	(86, 'Ryan Collins - Stars n Stripes (Official Music Video)', 'Ryan Collins - Stars n Stripes (Official Music Video)', 'Ryan tells us his story up until this point, quite eloquently and passionately, with a "void of hubris" vibration that makes Ryan immediately impossible not to root for.\n\nFighting for a win and keeping your eye on the prize is clearly felt through both the high-energy instrumental and inspiring lyrics, placing him firmly in the category of "artists to watch" in 2025!', 1161, 184, '3:04', 'False', 59, 86),
	(87, 'Sabrina Carpenter - Juno (Official Lyric Video)', 'Sabrina Carpenter - Juno (Official Lyric Video)', 'Listen to Short n’ Sweet, out now: https://sabrinacarpenter.lnk.to/ShortNSweet\nWatch all Short n’ Sweet videos here: https://SabrinaCarpenter.lnk.to/ShortnSweetVideos\n\nVisual by: JJ Stratford\nLyric Animation by: Nagina Lane\n \nNew merch available: https://SabrinaCarpenter.lnk.to/Merch\n\nSubscribe to Sabrina’s channel: https://bit.ly/SCYTsubscribe\n \nFollow Sabrina Carpenter: https://linktr.ee/sabrinacarpenter\nInstagram: https://www.instagram.com/sabrinacarpenter\nFacebook: https://www.facebook.com/sabrinacarpenter\nTwitter: https://x.com/SabrinaAnnLynn\nTikTok:  https://www.tiktok.com/@sabrinacarpenter\n \nLyrics:\nDon’t have to tell your hot ass a thing \nOh yeah you just get it \nWhole package babe I like the way you fit \nGod bless your dad’s genetics\n \nYou make me wanna make you fall in love \nOh late at night I’m thinking ‘bout you (ah ah ah) \nWanna try out my fuzzy pink hand cuffs? \nOh \nI hear you knockin’ baby \nCome on up\n \nI know you want my touch for life \nIf you love me right then who knows \nI might let you make me juno\nYou know I just  \nMight let you lock me down tonight \nOne of me is cute but two though? \nGive it to me baby \nYou make me wanna make you fall in love\n \nI showed my friends \nThen we high fived \nSorry if you feel objectified \nCan’t help my self\nHormones are high \nGive me more than just some butterflies\n \nYou make me wanna make you fall in love \nOh late at night I’m thinking ‘bout you (ah ah ah) \nWanna try out some freaky positions? \nHave you ever tried this one?\n\nI know you want my touch for life \nIf you love me right then who knows \nI might let you make me juno\nYou know I just  \nMight let you lock me down tonight \nOne of me is cute but two though\nGive it to me baby \nYou make me wanna make you fall in love\n\nAdore me \nHold me and explore me \nMark your territory \nTell me I’m the only only only only one \nAdore me\nHold me and explore me \nI’m so fucking horny \nTell me I’m the only only only only one \n\nI know you want my touch for life \nIf you love me right then who knows \nI might let you make me juno\nYou know I just  \nMight let you lock me down tonight \nOne of me is cute but two though\nGive it to me baby \nYou make me wanna make you fall in love\n\n#SabrinaCarpenter #Juno #LyricVideo #ShortnSweet\n\nMusic video by Sabrina Carpenter performing Juno (Lyric Video).© 2024 Island Records, a division of UMG Recordings, Inc.', 34725855, 223, '3:43', 'False', 5, 87),
	(88, 'David Guetta, Alphaville & Ava Max - Forever Young (Official Music Video)', 'David Guetta, Alphaville & Ava Max - Forever Young (Official Music Video)', 'Add "Forever Young” by David Guetta, Alphaville & Ava Max" to your Playlist ▶ :\nhttps://davidguetta.lnk.to/foreveryoung\n\nSubscribe to be notified for new videos ➡️ https://davidguetta.lnk.to/YouTube\n\nDirection & Animation - Gemma Yin \nMotion Design - Florence van Bergen \nProduction - CURATED LONDON\nCommissioner - Imran Malik\n\nCreators:\nhttps://tiktok.com/@glenfontein\nhttps://tiktok.com/@ashleykeno17\nhttps://tiktok.com/@cashandkatie\nhttps://tiktok.com/@chullipink01\nhttps://tiktok.com/@gianina\nhttps://tiktok.com/@grandadjoe1933\nhttps://tiktok.com/@mitchykatawazi\n\n#davidguetta #avamax #ForeverYoung #alphaville \n\nDavid Guetta, Alphaville & Ava Max - Forever Young\n(David Guetta,  Jakke Erixson, Timofey Reznikov, Bernhard Lloyd, Frank Mertens, Marian Gold, Michael Pollack, Amanda “Kiddo A.I.” Ibanez)\nProduced by David Guetta, Jakke Erixson & Timofey Reznikov\nAdditional production by Tor Eimon\nMixed & mastered by Timofey Reznikov\nVocals by Ava Max, Marian Gold, Alphaville \nPublishers: JackBack Publishing Ltd, admin by Write Here Music (SACEM) and Reservoir Music (ASCAP); Artist 101 Publishing Group (BMI), admin by Songs of Kobalt Music Publishing (BMI); copyright control; Budde Music; Paco Place Songs (BMI) admin by Songs of Kobalt Music (BMI); Hook Like Behavior/LMC is The Place For Me Publishing (Ascap)\nContains elements from “Forever Young” (Bernhard Lloyd, Frank Mertens, Marian Gold). Produced by Colin Pearson, Wolfgang Loos. Published by Budde Music. Used by permission. All rights reserved.\nAva Max appears courtesy of Atlantic Records\nAlphaville appears courtesy of Budde Alphaville GmbH, Under license to Warner Germany\n(P) & (C) 2024 What A DJ Ltd & Budde Alphaville GmbH, Under License to Warner Music UK Limited\n\nFollow David Guetta:\nInstagram: https://www.instagram.com/davidguetta/\nTikTok: https://www.tiktok.com/@davidguetta\nX: https://x.com/DavidGuetta\nFacebook: https://www.facebook.com/DavidGuetta/\nWebsite: https://davidguetta.com/\n\nFollow Ava Max:\nInstagram: https://www.instagram.com/avamax/\nTikTok: https://www.tiktok.com/@avamax\nX: https://x.com/AvaMax\nFacebook: https://www.facebook.com/AvaMax\nWebsite: https://www.avamax.com\n\nFollow Alphaville:\nInstagram: https://www.instagram.com/alphaville.music/\nX: https://x.com/alphaville_band\nFacebook: https://www.facebook.com/alphavilleofficial\nWebsite: https://www.alphaville.earth', 18154200, 157, '2:37', 'False', 32, 88),
	(89, 'keshi - Soft Spot (Official Music Video)', 'keshi - Soft Spot (Official Music Video)', 'Listen to Requiem, out now\nhttps://keshi.lnk.to/Requiem\n \nShop merch now: https://keshi.lnk.to/officialstore\n \nFollow keshi:\nInstagram: https://www.instagram.com/keshi/%C3%82%C2%A0\nFacebook: https://www.facebook.com/keshimusic/\nYouTube: https://www.youtube.com/channel/UCX40ZEqeYqCXyiAzrSUiPOg  \nTikTok:  https://www.tiktok.com/@keshi\nWebsite: https://www.keshimusic.com/#/\n\nLYRICS:\nI don’t go out but I’ll do it for you\nYou never liked it when I drink too much\nI hate to dance but I’ll dance for you\nCus I’d do anything to feel your touch\nDon’t like anybody tell me why it’s different with you\nDon’t believe in love but no one makes me feel like you do\nI don’t say it much cus I just always thought that you knew\nIt’s what you do to me\nI’m wrapped around your finger and I can’t stop\nYou know I got a soft spot for you\nYou know I got a soft spot for you\nBaby can’t you see\nI need you cus you’re everything that I’m not\nYou know I got a soft spot for you\nYou know I got a soft spot for you\nToo late\nDon’t wanna fall baby I just\nDon’t need somebody else to throw me aside\nBut I’m up all night\nThinking bout how it could be you to\nChange my heart but I\nDon’t like anybody tell me why it’s different with you\nDon’t believe in love but no one makes me feel like you do\nI don’t say it much cus I just always thought that you knew\nIt’s what you do to me\nI’m wrapped around your finger and I can’t stop\nYou know I got a soft spot for you\nYou know I got a soft spot for you\nBaby can’t you see\nI need you cus you’re everything that I’m not\nYou know I got a soft spot for you\nYou know I got a soft spot for you\nFor you\nFor you, for you\nFor you\nYou know I got a soft spot for you\nIt’s what you do to me\nI’m wrapped around your finger and I can’t stop\nYou know I got a soft spot for you\nYou know I got a soft spot for you\n\nCREDITS:\nArtist: keshi\n\nDirector: CHRISTIAN HAAHS\n\nCreative Studio: AEDIASTUDIO \n\nCreative Directors: LANNING SALLY, KENDY\nHair & Makeup: YUKINA MITSUHASHI\nStyling: KENDY\nStyling Assistant: JANICE ANGELICA\nBTS Photography: KENJI CHONG\nTitle Typography: LANNING SALLY\n\nExecutive Producer: SPEARMAN30\nProducer: EUNHYE TAK\nLine Producer: YUCHANG LEE, SEUNGWON LEE\nVisual Director: YEEUN YIM\nAssistant Director: LUCY KIM\n\nDirector of Photography: JIN KIM\n1st: MINJAE SEO\n2nd: SANGWON PARK, SUHUN LEE, DIT HANSOL LIM\n3rd: CHEOLWOO LEE\n\nArt Department: ROH HAUS\nArt Director: HOSEUNG SHIN\nArt Team Leader: AYEON NOH\nArt Team Designer: CHOHYE KIM, HYEMIN KIM, YENA HAN\nArt Team: PD YUJEONG SHIN\n\nGaffer: BYOUNGJIN YANG (bandibul lighting)\n1st: SUWOOK RYU, HYUNJIN KIM\n2nd: SUNGHYUN MIN, JANGUN SHIN, GWANGHO PARK\n3rd: SIHU YOU, BYOUNGJIN BAE, HAKDONG SHIN, SEOUNGWOO LIM\n\nSteadicam Operator: YECHAN SHIN, AC JAEWON JANG\n\nDay 1 Grip Team\nKey Grip: SUNGEUN KIM\nBest Boy: JIIN HWANG\nGrip: BEOMGI PARK, KYEONGDAL KIM\nDay 2: Grip Team\nKey Grip: SANGJUN LEE\nBest Boy: SANGHYUB KIM\nGrip: YENOK HAN, JAEMAN KIM\n\nEditor: CHRISTIAN HAAHS\nColorist: JIN KIM\n\nVisual Effects by: AEFX\nVFX Supervisor: JIHO JEON\n3D VFX: JIHO JEON, YOUNGWOONG KIM\n2D VFX: JIHO JEON, MYOUNGHOON LEE\n\nMovement Director: CHOROM HAM\nDancers: MINJI PARK, HAHYUN KIM, YESEUL CHOI, SOOA LEE, SEORAN PARK, JIEUN KIM, YOUJEONG LIM, HYEJU SEONG, MUNJU KIM, ANYOUNG SUNG\n\nDancer Hair & Make-Up: SUNSEUNG LEE\nAssist: HYERIM JANG, SOHEE PARK\nDancer Stylist: ARA KO\nAngel Hair & Make up: YOUNG ANNA, HANEUL SUNG, JAEYEON BAE\n\nPA CHANHYUK PARK, YUSEOK JOUNG, HYUNHO SEO, SEJONG PARK, TAEIN JUNG\n\nLabel: Island Records\n \n#keshi #SoftSpot #Requiem\n\nMusic video by keshi performing Soft Spot.© 2024 Island Records, a division of UMG Recordings, Inc.', 26261465, 204, '3:24', 'False', 60, 89),
	(90, 'Tyla x Wizkid - DYNAMITE (Official Music Video)', 'Tyla x Wizkid - DYNAMITE (Official Music Video)', 'Tyla x Wizkid - DYNAMITE (Official Music Video)\n\n"DYNAMITE" available at: https://tyla.lnk.to/WWP\n\nFollow Tyla:\nhttps://instagram.com/tyla\nhttps://www.tiktok.com/@tyla_\nhttps://twitter.com/Tyllaaaaaaa\n\n(C) 2025 FAX Records, under exclusive license to Epic Records, a division of Sony Music Entertainment\n\n#Tyla #Wizkid #DYNAMITE', 7826393, 195, '3:15', 'False', 52, 90),
	(91, 'Ariana Grande - intro (end of the world) (extended) (lyric visualizer)', 'Ariana Grande - intro (end of the world) (extended) (lyric visualizer)', 'The official “intro (end of the world) - extended” official lyric visualizer by Ariana Grande. \n \nListen to & download ‘eternal sunshine deluxe: brighter days ahead’: https://arianagrande.lnk.to/esdeluxe\n \n►Subscribe to Ariana Grande: http://ArianaGrande.lnk.to/subscribe\n \n►Follow Ariana Grande\nInstagram: https://www.instagram.com/arianagrande/\nFacebook: https://www.facebook.com/arianagrande \nTikTok: https://www.tiktok.com/@arianagrande\nWebsite: https://www.arianagrande.com/ \n\nlyric visualizer by:  \nmorgan russell - @themorganrussell\nkatia temkin - @katiatemkin\n \n#arianagrande #introendoftheworldextended #eternalsunshine\n\n\nMusic video by Ariana Grande performing intro (end of the world) (extended / Lyric Video).© 2025 Republic Records, a division of UMG Recordings, Inc.', 19166284, 161, '2:41', 'False', 61, 91),
	(92, 'Maz Univerze - Heroes (Official Music Video)', 'Maz Univerze - Heroes (Official Music Video)', 'Enter the universe of my new album! \nStream the song on spotify :\nhttps://open.spotify.com/track/48mlnQa4PS3rEN44dgumiA?si=3c980231092e4c4a\n\nWritten by Maz Univerze\nProduced by Tun Tonnar\nGuitars by Patrick Miranda\nMix by Joe Styppa\nMaster by Original Mastering\nPublished by Beast Records\n\nVideo directed & edited by Rari Matei \nCamera by Emerine Samuel\nGeneral Assistance by Andrea Werres\nProduction Management by Elizaveta Kuzmicheva\nSpecial Thanks to TwoStepsTwice \nWith the support of Filmfund Luxembourg\n\nFollow me on social media :\n  / mazuniverze.  .\n  / uclqxyu1bzw4e4y0kjf4o8uq', 8687, 194, '3:14', 'False', 62, 92),
	(93, 'Taylor Swift - Guilty as Sin (Official Lyric Video)', 'Taylor Swift - Guilty as Sin (Official Lyric Video)', 'Watch the official lyric video for “Guilty as Sin” by Taylor Swift, from ‘THE TORTURED POETS DEPARTMENT’\n\nBuy/download/stream ‘THE TORTURED POETS DEPARTMENT’: https://taylor.lnk.to/thetorturedpoetsdepartment \n\n►Subscribe to Taylor Swift on YouTube: https://ts.lnk.to/subscribe\n►Shop Merch: http://taylor.lnk.to/store\n\n►Follow Taylor Swift Online: \nTikTok: http://tiktok.com/@taylorswift \nInstagram: http://instagram.com/taylorswift \nTwitter: http://twitter.com/taylorswift13 \nSnapchat: http://snapchat.com/add/taylorswift \nFacebook: http://facebook.com/taylorswift \nTumblr: http://taylorswift.tumblr.com \nWebsite: http://www.taylorswift.com \n\n►Follow Taylor Nation Online \nTikTok: http://tiktok.com/@taylornation\nYouTube: https://youtube.com/taylornation \n Instagram: http://instagram.com/taylornation \nTwitter: http://twitter.com/taylornation13\n Tumblr: http://taylornation.tumblr.com\n\n#taylorswift #GuiltyasSin #thetorturedpoetsdepartment', 46131082, 259, '4:19', 'False', 43, 93),
	(94, 'Selena Gomez, benny blanco - Sunset Blvd (Official Video)', 'Selena Gomez, benny blanco - Sunset Blvd (Official Video)', 'Selena Gomez, benny blanco - Sunset Blvd (Official Video) \n\nPre-order “I Said I Love You First”, out March 21: https://sgxbb.lnk.to/ISaidILoveYouFirst  \nShop new merch: https://selenagomez.lnk.to/shop  \n\nFollow Selena Gomez: \nInstagram: https://selenagomez.lnk.to/Instagram\nTwitter: https://selenagomez.lnk.to/Twitter\nFacebook: https://selenagomez.lnk.to/Facebook\nTikTok: https://selenagomez.lnk.to/TikTok\nYouTube: https://selenagomez.lnk.to/YouTube\nMailing List: https://selenagomez.lnk.to/SignUp\n\nFollow benny blanco: \nInstagram: https://bennyblanco.lnk.to/Instagram\nTwitter: https://bennyblanco.lnk.to/Twitter\nFacebook: https://bennyblanco.lnk.to/Facebook\nTikTok: https://bennyblanco.lnk.to/TikTok\nYouTube: https://bennyblanco.lnk.to/YouTube\nMailing List: https://bennyblanco.lnk.to/SignUp\n\nLyrics: \n \nYou’re my cherry pie\nI don’t care who knows it\nLove me till I die\nBury me with roses\n\nI know you’re awfully shy\nBut I can’t wait to hold it to hold that\nYour big big hard heart!\n\nWith Open arms\nHolding you naked\nMiddle of sunset\nBoulevard\nMaking you famous\nEveryone’s watching\nBare skin concrete\nTheir calling the police\nOpen arms\nHolding you naked\nMiddle of sunset\n\nFeels so good it hurts\nBut u fill up what’s broken\nWomen of few words\nBut for you I keep my mouth wide open\nPraying and hoping\nThat ya quench my thirst\nNot just dip your toes in\nI want that\nBig, big, hard heart!\n\nWith open arms\nHolding you naked\nMiddle of sunset\nBoulevard\nMaking you famous\nEveryone’s watching\nBare skin concrete\nTheir calling the police\nOpen arms\nHolding you naked\nMiddle of sunset\n\nI just wanna touch it touch it\nTry your hardest not to bust it\nGimme gimme love it love it\nHey hey hey\n\nI just wanna touch it touch it\nTry your hardest not to bust it\nGimme gimme how I love ur\nBig big heart\n\nWith open arms\nHolding you naked\nMiddle of sunset\nBoulevard\nMaking you famous\nEveryone’s watching\nBare skin concrete\nTheir calling the police\nOpen arms\nHolding you naked\nMiddle of sunset\n\n#SelenaGomez #bennyblanco #SunsetBlvd #ISaidILoveYouFirst\n\n\nMusic video by Selena Gomez, benny blanco performing Sunset Blvd.© 2024 SMG Music LLC & Friends Keep Secrets, under exclusive license to Interscope Records', 18620923, 175, '2:55', 'False', 63, 94),
	(95, 'Justin Bieber - YUKON', 'Justin Bieber - YUKON', 'Shot and directed by Cole Bennett\n\nSong Producers: \nSir Dylan\nCarter Lang\nDaniel Chetrit\n\nCinematographer: Cole Bennett\nEditor: Cole Bennett\nColor Grade: Josh Bohoskey\nVFX Cleanup: Side - Eye + AID6N\nProduction Assistant: Camila Morrone \nProduction Company: Lyrical Lemonade\n\nStream/Download: https://JustinBieber.lnk.to/SWAG\nShop: https://JustinBieber.lnk.to/Shop\n\nFollow Justin: \nhttps://www.instagram.com/lilbieber\nhttp://twitter.com/justinbieber\nhttps://www.tiktok.com/@justinbieber\nhttp://facebook.com/justinbieber\n \nSign up for Justin’s newsletter: http://justinbiebermusic.com', 21968615, 183, '3:03', 'False', 56, 95),
	(96, 'Ariana Grande - twilight zone (Official Lyric Video)', 'Ariana Grande - twilight zone (Official Lyric Video)', 'The official “twilight zone” official lyric video by Ariana Grande. \n \nListen to & download ‘eternal sunshine deluxe: brighter days ahead’: https://arianagrande.lnk.to/esdeluxe\n \n►Subscribe to Ariana Grande: http://ArianaGrande.lnk.to/subscribe\n \n►Follow Ariana Grande\nInstagram: https://www.instagram.com/arianagrande/\nFacebook: https://www.facebook.com/arianagrande \nTikTok: https://www.tiktok.com/@arianagrande\nWebsite: https://www.arianagrande.com/ \n\ndirected by: @katiatemkin \nanimated by : @sofianinova \nproduced by: @themorganrussell\n \n#arianagrande #twilightzone #eternalsunshine\n\nMusic video by Ariana Grande performing twilight zone (Lyric Video).© 2025 Republic Records, a division of UMG Recordings, Inc.', 18245315, 202, '3:22', 'False', 61, 96),
	(97, 'Gracie Abrams - I Love You, I’m Sorry (Official Music Video)', 'Gracie Abrams - I Love You, I’m Sorry (Official Music Video)', 'Listen to the new album, The Secret of Us, out now: https://GracieAbrams.lnk.to/TheSecretofUs\n \nDirected by Audrey Hobert\n \nShop official Gracie merch and music: https://GracieAbrams.lnk.to/Shop\nShop limited-edition vinyl variants: https://GracieAbrams.lnk.to/ShopVinyl\n \nFollow Gracie Abrams:\nInstagram: https://www.instagram.com/gracieabrams/\nFacebook: https://www.facebook.com/gracieabrams\nTwitter: https://twitter.com/gracieabrams\nSnapchat: https://www.snapchat.com/add/gracieabrams\nTikTok: https://www.tiktok.com/@tehegracietehe\nTumblr: https://blog.gracieabrams.com/\nYouTube: https://www.youtube.com/gracieabrams\nEmail: https://smarturl.it/graciesmailinglist\n\nMusic video by Gracie Abrams performing I Love You, I\'m Sorry. © 2024 Gracie Abrams, under exclusive license to Interscope Records, a division of UMG Recordings, Inc.\n\nhttp://vevo.ly/nXOlbM', 31456772, 234, '3:54', 'False', 23, 97),
	(98, 'HoodTrophy Bino ft. FCG Heem - Miami (Official Music Video)', 'HoodTrophy Bino ft. FCG Heem - Miami (Official Music Video)', 'HoodTrophy Bino and FCG Heem drop Miami.  From Bino, “’Miami’ was a bridge for me from LA to the South sound.  The song is about seeing life in a different way – peaceful moments, no cares, feels like a vacation.  Also the ocean is different, it brings calm.”\n#hoodtrophybino #fcgheem #rap #newmusic #Miami#WestCoast #MiamiHipHop\n \nInstagram: @HoodTrophyBino         \nInstagram: @fcgheem\nTik Tok: @officialhoodtrophy          \nTikTok @fcgheem\nSpotify: HoodTrophy Bino\nApple Music: HoodTrophy Bino\n\n\n@fcgheem \n\nChosen Few Album Out Now On All Platform \nhttps://tr.ee/GoXQIRLQDw\nhttps://tr.ee/r08Ib1lzgG\n\nFollow Bino on Social Media\nInstagram:  https://www.instagram.com/hoodtrophybino/ \nTikTok: https://www.tiktok.com/@officialhoodtrophy\nYouTube: https://www.youtube.com/@hoodtrophybino\nApple Music: https://music.apple.com/us/artist/hoodtrophy-bino/1577266421\nSpotify: https://open.spotify.com/artist/3YmsAPif4mx4mSugYt1n4c?si=tWkw7a9dTEajTAduORDa4A\nPandora: https://www.pandora.com/artist/hoodtrophy-bino\n#HoodTrophyBino #musicvideo', 66051, 197, '3:17', 'False', 64, 98),
	(99, 'Sean Paul x INNA - Let It Talk To Me', 'Sean Paul x INNA - Let It Talk To Me', 'Song Title: Sean Paul x INNA - Let It Talk To Me\nArtist: Sean Paul @INNA \n\nAudio credits:\nPerformed by: Sean Paul, INNA\nBacking vocals: Mags Duval\nProgramming, Keyboards, and Bass: Johnny Goldstein\nWritten by: Sean Paul, Johnny Goldstein, Mags Duval, CASTLE\nProduced by: Johnny Goldstein\nMixed by: Josh Gudwin\nMix Assisted by: Felix Byrne\nMixed at Gudwin Sound, Hollywood CA\nMastered by: Chris Athens at Chris Athens Masters, in Austin, TX USA\nMastering Assistant: Dave Huffman\n\n(p): 2025, Global Records\n(c): 2025, Dutty Rock Music/EMI April Music o/b/o EMI Music Publishing Ltd, Sony/ATV Songs LLC/Artist 101 Publishing Group/Johnny Goldstein Publishing Designee, Music of Big Family / In Honor Of Alice Publishing, IAMCASTLE MUSIC PUBLISHING / Chumba Music\n\nVideo credits:\nProd. by Loops\nDirector: Bogdan Paun\nD.o.P.: Gosh\nEdit & Post Production: Bogdan Paun\n\nFollow Sean Paul On:\nFacebook: https://facebook.com/seanpaul\nTwitter: https://twitter.com/duttypaul\nInstagram: https://instagram.com/duttypaul/\nSoundCloud: https://soundcloud.com/seanpaulofficial\nWebsite: http://allseanpaul.com/\n\nINNA Online: \nFacebook: https://www.facebook.com/Inna\nInstagram: https://instagram.com/inna\nSpotify: https://smarturl.it/INNAOfficialSpotify\niTunes: https://smarturl.it/iTunesINNAOfficial\nTikTok: https://www.tiktok.com/@inna\n\nFollow Dutty Rock Production:\nFacebook: https://facebook.com/DuttyRockProductions\nTwitter: https://twitter.com/duttyrockprod\n\nWatch More Sean Paul:\nSean Paul Popular Videos: http://bit.ly/1Q9HAd6\nSean Paul Music & Lyric Videos: http://bit.ly/23XSlTU\nSean Paul Official Audio: http://bit.ly/1PDZcIm\nSean Paul Atlantic Records Releases: http://bit.ly/1ShJxUU\nSean Paul Best Collaborations: http://bit.ly/1Qsv8iT\n\nSean Paul Tour Dates: http://www.allseanpaul.com/events\n\nListen to Sean Paul On:\nSpotify: http://bit.ly/20pEDVc\niTunes: http://apple.co/1QsvmGD\nGooglePlay: http://bit.ly/2fdh9Xe\nAmazon mp3: http://amzn.to/1o09I5A\n\nSean Paul Bio:\nSean Paul began his musical career in 1996 and has attracted international attention that has seen him releasing six studio albums. The performer has been given the nod of approval by numerous international musical governing bodies and boasts 7 Grammy nominations as well as the 2006 American Music Award for favorite Pop/Rock Male Artiste.', 16952860, 155, '2:35', 'False', 65, 99),
	(100, 'Selena Gomez, benny blanco - How Does It Feel To Be Forgotten (Official Lyric Video)', 'Selena Gomez, benny blanco - How Does It Feel To Be Forgotten (Official Lyric Video)', 'Listen to the new album \'I Said I Love You First\', out now: https://sgxbb.lnk.to/ISaidILoveYouFirst\n\nShop new merch: https://selenagomez.lnk.to/store \nJoin Selena’s mailing list: https://selenagomez.lnk.to/SignUp\nJoin benny’s mailing list: https://bennyblanco.lnk.to/SignUp\n\nFollow Selena Gomez: \nInstagram: https://selenagomez.lnk.to/Instagram\nTwitter: https://selenagomez.lnk.to/Twitter\nFacebook: https://selenagomez.lnk.to/Facebook\nTikTok: https://selenagomez.lnk.to/TikTok\nYouTube: https://selenagomez.lnk.to/YouTube\n\nFollow benny blanco: \nInstagram: https://bennyblanco.lnk.to/Instagram\nTwitter: https://bennyblanco.lnk.to/Twitter\nFacebook: https://bennyblanco.lnk.to/Facebook\nTikTok: https://bennyblanco.lnk.to/TikTok\nYouTube: https://bennyblanco.lnk.to/YouTube\n\nLyrics: \n\nI sip it in the way he likes \nRuby red\nLocking eyes\nLipstick kisses with no ice \nOn the edge\nParadise\n\nYou walked in, big ass grin\nTalking like we’re friends, honey what were you thinking \nHe loves me, I love him\nLook at you\nJust look at you now\n\nYou\'re so embarrassing\nGo cry where no one’s watching \nI can’t imagine it\nHow does it feel to be forgotten? \nForgotten (ah)\nForgotten (ah)\nHow does it feel?\nI hope one day you heal\nHow does it feel to be forgotten? \nForgotten\n\nI know it must be difficult\nI know it isn’t what you thought\n\nCause walked in, big ass grin\nTalking like the friend’s honey what were you thinking? \nHe loves me, I love him\nLook at you\nJust look at you now\n\nYou’re so embarrassing\nGo cry when no one’s watching \nI can’t imagine it\nHow does it feel to be forgotten? \nForgotten (ah)\nForgotten (ah)\n\nHow does it feel?\nI hope one day you heal\nHow does it feel to be forgotten? \nForgotten\n\nAhora todo está dicho y hecho\nTodo está olvidado\n\n-English Translation: \nNow, everything is said and done. \nEverything is forgotten\n\n#SelenaGomez #bennyblanco #HowDoesItFeelToBeForgotten #ISaidILoveYouFirst\n\nMusic video by Selena Gomez, benny blanco performing How Does It Feel To Be Forgotten (Lyric Video).© 2024 SMG Music LLC & Friends Keep Secrets, under exclusive license to Interscope Records', 16971256, 161, '2:41', 'False', 63, 100);

CREATE TABLE IF NOT EXISTS `song_category` (
  `song_id` int(11) NOT NULL,
  `category_id` int(11) NOT NULL,
  PRIMARY KEY (`song_id`,`category_id`),
  KEY `category_id` (`category_id`),
  CONSTRAINT `song_category_ibfk_1` FOREIGN KEY (`song_id`) REFERENCES `songs` (`id`),
  CONSTRAINT `song_category_ibfk_2` FOREIGN KEY (`category_id`) REFERENCES `categories` (`id`)
) ENGINE=InnoDB DEFAULT CHARSET=utf8mb4 COLLATE=utf8mb4_general_ci;

INSERT INTO `song_category` (`song_id`, `category_id`) VALUES
	(1, 1),
	(2, 1),
	(3, 1),
	(4, 1),
	(5, 1),
	(6, 1),
	(7, 1),
	(8, 1),
	(9, 2),
	(10, 1),
	(11, 2),
	(12, 2),
	(13, 2),
	(14, 1),
	(15, 1),
	(16, 1),
	(17, 1),
	(18, 1),
	(19, 1),
	(20, 1),
	(21, 1),
	(22, 1),
	(23, 1),
	(24, 1),
	(25, 1),
	(26, 1),
	(27, 1),
	(28, 1),
	(29, 1),
	(30, 1),
	(31, 1),
	(32, 1),
	(33, 1),
	(34, 1),
	(35, 1),
	(36, 2),
	(37, 1),
	(38, 1),
	(39, 1),
	(40, 1),
	(41, 1),
	(42, 1),
	(43, 1),
	(44, 1),
	(45, 1),
	(46, 1),
	(47, 1),
	(48, 1),
	(49, 1),
	(50, 1),
	(51, 1),
	(52, 1),
	(53, 1),
	(54, 1),
	(55, 1),
	(56, 2),
	(57, 1),
	(58, 1),
	(59, 1),
	(60, 1),
	(61, 1),
	(62, 1),
	(63, 1),
	(64, 1),
	(65, 1),
	(66, 1),
	(67, 1),
	(68, 1),
	(69, 1),
	(70, 1),
	(71, 1),
	(72, 1),
	(73, 1),
	(74, 1),
	(75, 1),
	(76, 1),
	(77, 1),
	(78, 1),
	(79, 1),
	(80, 1),
	(81, 1),
	(82, 1),
	(83, 1),
	(84, 1),
	(85, 1),
	(86, 1),
	(87, 1),
	(88, 1),
	(89, 1),
	(90, 1),
	(91, 1),
	(92, 1),
	(93, 1),
	(94, 1),
	(95, 1),
	(96, 1),
	(97, 1),
	(98, 1),
	(99, 1),
	(100, 1);

CREATE TABLE IF NOT EXISTS `song_tags` (
  `song_id` int(11) NOT NULL,
  `tag_id` int(11) NOT NULL,
  PRIMARY KEY (`song_id`,`tag_id`),
  KEY `tag_id` (`tag_id`),
  CONSTRAINT `song_tags_ibfk_1` FOREIGN KEY (`song_id`) REFERENCES `songs` (`id`),
  CONSTRAINT `song_tags_ibfk_2` FOREIGN KEY (`tag_id`) REFERENCES `tags` (`id`)
) ENGINE=InnoDB DEFAULT CHARSET=utf8mb4 COLLATE=utf8mb4_general_ci;

INSERT INTO `song_tags` (`song_id`, `tag_id`) VALUES
	(1, 1),
	(1, 2),
	(1, 3),
	(1, 4),
	(1, 5),
	(1, 6),
	(1, 7),
	(1, 8),
	(1, 9),
	(1, 10),
	(1, 11),
	(1, 12),
	(1, 13),
	(1, 14),
	(1, 15),
	(1, 16),
	(1, 17),
	(1, 18),
	(1, 19),
	(1, 20),
	(1, 21),
	(1, 22),
	(1, 23),
	(1, 24),
	(1, 25),
	(2, 12),
	(2, 26),
	(2, 27),
	(2, 28),
	(3, 28),
	(3, 29),
	(3, 30),
	(4, 31),
	(4, 32),
	(4, 33),
	(5, 28),
	(5, 29),
	(5, 30),
	(6, 28),
	(6, 34),
	(6, 35),
	(7, 26),
	(7, 28),
	(7, 30),
	(7, 36),
	(7, 37),
	(7, 38),
	(7, 39),
	(7, 40),
	(7, 41),
	(7, 42),
	(7, 43),
	(7, 44),
	(7, 45),
	(7, 46),
	(7, 47),
	(7, 48),
	(7, 49),
	(8, 50),
	(8, 51),
	(8, 52),
	(8, 53),
	(8, 54),
	(8, 55),
	(8, 56),
	(8, 57),
	(8, 58),
	(8, 59),
	(8, 60),
	(8, 61),
	(8, 62),
	(8, 63),
	(8, 64),
	(8, 65),
	(8, 66),
	(8, 67),
	(8, 68),
	(8, 69),
	(8, 70),
	(8, 71),
	(8, 72),
	(8, 73),
	(8, 74),
	(8, 75),
	(8, 76),
	(8, 77),
	(9, 78),
	(9, 79),
	(9, 80),
	(9, 81),
	(9, 82),
	(9, 83),
	(9, 84),
	(9, 85),
	(9, 86),
	(9, 87),
	(9, 88),
	(9, 89),
	(9, 90),
	(9, 91),
	(9, 92),
	(9, 93),
	(9, 94),
	(9, 95),
	(9, 96),
	(9, 97),
	(9, 98),
	(9, 99),
	(9, 100),
	(9, 101),
	(10, 31),
	(10, 32),
	(10, 33),
	(14, 102),
	(14, 103),
	(14, 104),
	(14, 105),
	(14, 106),
	(14, 107),
	(14, 108),
	(14, 109),
	(14, 110),
	(14, 111),
	(14, 112),
	(14, 113),
	(14, 114),
	(14, 115),
	(14, 116),
	(14, 117),
	(14, 118),
	(14, 119),
	(14, 120),
	(14, 121),
	(14, 122),
	(14, 123),
	(14, 124),
	(14, 125),
	(14, 126),
	(14, 127),
	(14, 128),
	(14, 129),
	(14, 130),
	(15, 131),
	(15, 132),
	(15, 133),
	(16, 4),
	(16, 5),
	(16, 6),
	(16, 88),
	(16, 134),
	(16, 135),
	(16, 136),
	(16, 137),
	(16, 138),
	(16, 139),
	(16, 140),
	(16, 141),
	(16, 142),
	(16, 143),
	(16, 144),
	(16, 145),
	(16, 146),
	(16, 147),
	(16, 148),
	(16, 149),
	(16, 150),
	(16, 151),
	(16, 152),
	(16, 153),
	(16, 154),
	(16, 155),
	(16, 156),
	(16, 157),
	(16, 158),
	(16, 159),
	(16, 160),
	(16, 161),
	(16, 162),
	(16, 163),
	(16, 164),
	(16, 165),
	(16, 166),
	(16, 167),
	(16, 168),
	(16, 169),
	(16, 170),
	(16, 171),
	(16, 172),
	(16, 173),
	(16, 174),
	(17, 48),
	(17, 55),
	(17, 135),
	(17, 175),
	(17, 176),
	(17, 177),
	(17, 178),
	(17, 179),
	(17, 180),
	(17, 181),
	(17, 182),
	(17, 183),
	(17, 184),
	(17, 185),
	(17, 186),
	(17, 187),
	(17, 188),
	(17, 189),
	(17, 190),
	(17, 191),
	(17, 192),
	(17, 193),
	(17, 194),
	(18, 195),
	(18, 196),
	(18, 197),
	(18, 198),
	(18, 199),
	(18, 200),
	(18, 201),
	(18, 202),
	(18, 203),
	(18, 204),
	(18, 205),
	(18, 206),
	(18, 207),
	(18, 208),
	(18, 209),
	(18, 210),
	(18, 211),
	(18, 212),
	(18, 213),
	(18, 214),
	(18, 215),
	(18, 216),
	(18, 217),
	(18, 218),
	(19, 219),
	(19, 220),
	(19, 221),
	(19, 222),
	(19, 223),
	(19, 224),
	(19, 225),
	(19, 226),
	(19, 227),
	(19, 228),
	(19, 229),
	(19, 230),
	(19, 231),
	(19, 232),
	(19, 233),
	(19, 234),
	(19, 235),
	(19, 236),
	(19, 237),
	(19, 238),
	(20, 5),
	(20, 88),
	(20, 136),
	(20, 138),
	(20, 154),
	(20, 239),
	(20, 240),
	(20, 241),
	(20, 242),
	(20, 243),
	(20, 244),
	(20, 245),
	(20, 246),
	(20, 247),
	(20, 248),
	(20, 249),
	(20, 250),
	(20, 251),
	(20, 252),
	(20, 253),
	(20, 254),
	(20, 255),
	(20, 256),
	(20, 257),
	(20, 258),
	(20, 259),
	(20, 260),
	(20, 261),
	(20, 262),
	(20, 263),
	(20, 264),
	(20, 265),
	(20, 266),
	(20, 267),
	(21, 28),
	(21, 34),
	(21, 35),
	(22, 135),
	(22, 268),
	(22, 269),
	(22, 270),
	(22, 271),
	(22, 272),
	(22, 273),
	(22, 274),
	(22, 275),
	(22, 276),
	(22, 277),
	(22, 278),
	(22, 279),
	(22, 280),
	(22, 281),
	(22, 282),
	(22, 283),
	(22, 284),
	(22, 285),
	(22, 286),
	(22, 287),
	(22, 288),
	(22, 289),
	(22, 290),
	(22, 291),
	(22, 292),
	(22, 293),
	(22, 294),
	(22, 295),
	(22, 296),
	(22, 297),
	(22, 298),
	(22, 299),
	(22, 300),
	(22, 301),
	(22, 302),
	(22, 303),
	(22, 304),
	(22, 305),
	(22, 306),
	(22, 307),
	(24, 28),
	(24, 34),
	(24, 35),
	(24, 48),
	(24, 183),
	(24, 308),
	(25, 133),
	(25, 309),
	(25, 310),
	(28, 31),
	(28, 32),
	(28, 33),
	(29, 28),
	(29, 34),
	(29, 35),
	(30, 111),
	(30, 311),
	(30, 312),
	(30, 313),
	(30, 314),
	(30, 315),
	(30, 316),
	(30, 317),
	(30, 318),
	(30, 319),
	(30, 320),
	(31, 28),
	(31, 321),
	(31, 322),
	(34, 323),
	(34, 324),
	(34, 325),
	(34, 326),
	(34, 327),
	(34, 328),
	(34, 329),
	(34, 330),
	(34, 331),
	(34, 332),
	(34, 333),
	(34, 334),
	(34, 335),
	(34, 336),
	(34, 337),
	(34, 338),
	(34, 339),
	(34, 340),
	(34, 341),
	(34, 342),
	(34, 343),
	(35, 1),
	(35, 2),
	(35, 3),
	(35, 4),
	(35, 5),
	(35, 6),
	(35, 7),
	(35, 8),
	(35, 9),
	(35, 10),
	(35, 11),
	(35, 344),
	(35, 345),
	(35, 346),
	(35, 347),
	(35, 348),
	(35, 349),
	(35, 350),
	(35, 351),
	(35, 352),
	(35, 353),
	(35, 354),
	(35, 355),
	(37, 356),
	(37, 357),
	(37, 358),
	(37, 359),
	(37, 360),
	(37, 361),
	(37, 362),
	(37, 363),
	(37, 364),
	(37, 365),
	(37, 366),
	(37, 367),
	(37, 368),
	(37, 369),
	(37, 370),
	(37, 371),
	(37, 372),
	(37, 373),
	(38, 1),
	(38, 2),
	(38, 3),
	(38, 4),
	(38, 5),
	(38, 6),
	(38, 7),
	(38, 8),
	(38, 9),
	(38, 10),
	(38, 11),
	(38, 346),
	(38, 354),
	(38, 355),
	(38, 374),
	(38, 375),
	(38, 376),
	(38, 377),
	(38, 378),
	(38, 379),
	(38, 380),
	(38, 381),
	(38, 382),
	(39, 28),
	(39, 383),
	(39, 384),
	(40, 4),
	(40, 5),
	(40, 6),
	(40, 10),
	(40, 11),
	(40, 28),
	(40, 88),
	(40, 134),
	(40, 135),
	(40, 137),
	(40, 153),
	(40, 154),
	(40, 155),
	(40, 158),
	(40, 159),
	(40, 160),
	(40, 161),
	(40, 163),
	(40, 169),
	(40, 170),
	(40, 171),
	(40, 172),
	(40, 385),
	(40, 386),
	(40, 387),
	(40, 388),
	(40, 389),
	(40, 390),
	(40, 391),
	(40, 392),
	(40, 393),
	(40, 394),
	(40, 395),
	(40, 396),
	(40, 397),
	(40, 398),
	(40, 399),
	(40, 400),
	(40, 401),
	(40, 402),
	(40, 403),
	(40, 404),
	(40, 405),
	(40, 406),
	(40, 407),
	(40, 408),
	(40, 409),
	(40, 410),
	(40, 411),
	(40, 412),
	(41, 50),
	(41, 51),
	(41, 55),
	(41, 57),
	(41, 58),
	(41, 63),
	(41, 65),
	(41, 282),
	(41, 413),
	(41, 414),
	(41, 415),
	(41, 416),
	(41, 417),
	(41, 418),
	(41, 419),
	(41, 420),
	(41, 421),
	(41, 422),
	(41, 423),
	(41, 424),
	(41, 425),
	(41, 426),
	(41, 427),
	(41, 428),
	(41, 429),
	(41, 430),
	(41, 431),
	(41, 432),
	(42, 433),
	(42, 434),
	(42, 435),
	(42, 436),
	(42, 437),
	(42, 438),
	(42, 439),
	(42, 440),
	(42, 441),
	(42, 442),
	(43, 443),
	(43, 444),
	(43, 445),
	(43, 446),
	(43, 447),
	(43, 448),
	(43, 449),
	(43, 450),
	(43, 451),
	(43, 452),
	(43, 453),
	(43, 454),
	(43, 455),
	(43, 456),
	(43, 457),
	(43, 458),
	(43, 459),
	(44, 460),
	(44, 461),
	(44, 462),
	(44, 463),
	(44, 464),
	(44, 465),
	(44, 466),
	(46, 467),
	(46, 468),
	(46, 469),
	(46, 470),
	(46, 471),
	(46, 472),
	(46, 473),
	(46, 474),
	(46, 475),
	(46, 476),
	(46, 477),
	(48, 478),
	(48, 479),
	(48, 480),
	(48, 481),
	(48, 482),
	(48, 483),
	(48, 484),
	(48, 485),
	(48, 486),
	(48, 487),
	(48, 488),
	(48, 489),
	(48, 490),
	(48, 491),
	(48, 492),
	(48, 493),
	(48, 494),
	(48, 495),
	(48, 496),
	(48, 497),
	(49, 498),
	(49, 499),
	(49, 500),
	(50, 467),
	(50, 469),
	(51, 501),
	(51, 502),
	(51, 503),
	(51, 504),
	(51, 505),
	(51, 506),
	(51, 507),
	(51, 508),
	(51, 509),
	(51, 510),
	(51, 511),
	(51, 512),
	(51, 513),
	(51, 514),
	(51, 515),
	(51, 516),
	(52, 75),
	(52, 183),
	(52, 498),
	(52, 517),
	(52, 518),
	(52, 519),
	(52, 520),
	(52, 521),
	(52, 522),
	(52, 523),
	(52, 524),
	(52, 525),
	(52, 526),
	(52, 527),
	(52, 528),
	(52, 529),
	(52, 530),
	(52, 531),
	(52, 532),
	(52, 533),
	(52, 534),
	(52, 535),
	(52, 536),
	(52, 537),
	(52, 538),
	(52, 539),
	(52, 540),
	(52, 541),
	(52, 542),
	(52, 543),
	(53, 544),
	(53, 545),
	(53, 546),
	(53, 547),
	(53, 548),
	(53, 549),
	(53, 550),
	(53, 551),
	(53, 552),
	(53, 553),
	(53, 554),
	(53, 555),
	(53, 556),
	(53, 557),
	(53, 558),
	(53, 559),
	(53, 560),
	(53, 561),
	(54, 502),
	(54, 562),
	(54, 563),
	(54, 564),
	(54, 565),
	(54, 566),
	(54, 567),
	(54, 568),
	(54, 569),
	(54, 570),
	(54, 571),
	(54, 572),
	(54, 573),
	(54, 574),
	(54, 575),
	(54, 576),
	(54, 577),
	(54, 578),
	(54, 579),
	(54, 580),
	(54, 581),
	(54, 582),
	(54, 583),
	(54, 584),
	(54, 585),
	(54, 586),
	(54, 587),
	(54, 588),
	(54, 589),
	(54, 590),
	(55, 31),
	(55, 591),
	(55, 592),
	(55, 593),
	(55, 594),
	(55, 595),
	(55, 596),
	(55, 597),
	(55, 598),
	(55, 599),
	(55, 600),
	(55, 601),
	(55, 602),
	(55, 603),
	(55, 604),
	(55, 605),
	(55, 606),
	(55, 607),
	(56, 608),
	(56, 609),
	(56, 610),
	(56, 611),
	(56, 612),
	(56, 613),
	(56, 614),
	(56, 615),
	(56, 616),
	(56, 617),
	(56, 618),
	(57, 133),
	(57, 270),
	(57, 498),
	(57, 499),
	(57, 531),
	(57, 619),
	(57, 620),
	(57, 621),
	(57, 622),
	(57, 623),
	(57, 624),
	(57, 625),
	(57, 626),
	(57, 627),
	(57, 628),
	(57, 629),
	(57, 630),
	(57, 631),
	(57, 632),
	(57, 633),
	(57, 634),
	(57, 635),
	(58, 28),
	(58, 48),
	(58, 134),
	(58, 183),
	(58, 636),
	(58, 637),
	(58, 638),
	(58, 639),
	(58, 640),
	(58, 641),
	(58, 642),
	(58, 643),
	(58, 644),
	(58, 645),
	(58, 646),
	(59, 28),
	(59, 647),
	(59, 648),
	(60, 544),
	(60, 548),
	(60, 552),
	(60, 556),
	(60, 558),
	(60, 560),
	(60, 649),
	(60, 650),
	(60, 651),
	(60, 652),
	(60, 653),
	(60, 654),
	(60, 655),
	(60, 656),
	(60, 657),
	(60, 658),
	(61, 501),
	(61, 504),
	(61, 505),
	(61, 506),
	(61, 507),
	(61, 508),
	(61, 509),
	(61, 510),
	(61, 511),
	(61, 512),
	(61, 514),
	(61, 515),
	(61, 516),
	(61, 659),
	(61, 660),
	(61, 661),
	(61, 662),
	(61, 663),
	(61, 664),
	(61, 665),
	(62, 666),
	(62, 667),
	(62, 668),
	(62, 669),
	(62, 670),
	(62, 671),
	(62, 672),
	(62, 673),
	(62, 674),
	(62, 675),
	(62, 676),
	(62, 677),
	(62, 678),
	(62, 679),
	(62, 680),
	(62, 681),
	(62, 682),
	(62, 683),
	(62, 684),
	(63, 685),
	(63, 686),
	(63, 687),
	(63, 688),
	(63, 689),
	(64, 33),
	(64, 690),
	(64, 691),
	(64, 692),
	(64, 693),
	(65, 694),
	(65, 695),
	(66, 696),
	(66, 697),
	(66, 698),
	(66, 699),
	(66, 700),
	(66, 701),
	(66, 702),
	(66, 703),
	(66, 704),
	(66, 705),
	(66, 706),
	(66, 707),
	(66, 708),
	(66, 709),
	(66, 710),
	(66, 711),
	(67, 5),
	(67, 88),
	(67, 136),
	(67, 138),
	(67, 154),
	(67, 239),
	(67, 240),
	(67, 241),
	(67, 242),
	(67, 243),
	(67, 244),
	(67, 245),
	(67, 246),
	(67, 247),
	(67, 248),
	(67, 249),
	(67, 250),
	(67, 251),
	(67, 252),
	(67, 253),
	(67, 254),
	(67, 255),
	(67, 256),
	(67, 258),
	(67, 712),
	(67, 713),
	(67, 714),
	(67, 715),
	(67, 716),
	(67, 717),
	(67, 718),
	(67, 719),
	(67, 720),
	(67, 721),
	(68, 722),
	(68, 723),
	(68, 724),
	(68, 725),
	(68, 726),
	(68, 727),
	(68, 728),
	(68, 729),
	(68, 730),
	(68, 731),
	(68, 732),
	(68, 733),
	(68, 734),
	(68, 735),
	(68, 736),
	(68, 737),
	(68, 738),
	(68, 739),
	(68, 740),
	(68, 741),
	(68, 742),
	(68, 743),
	(68, 744),
	(68, 745),
	(69, 746),
	(69, 747),
	(69, 748),
	(69, 749),
	(69, 750),
	(69, 751),
	(69, 752),
	(69, 753),
	(69, 754),
	(69, 755),
	(69, 756),
	(69, 757),
	(69, 758),
	(69, 759),
	(69, 760),
	(69, 761),
	(69, 762),
	(69, 763),
	(69, 764),
	(69, 765),
	(69, 766),
	(69, 767),
	(69, 768),
	(69, 769),
	(69, 770),
	(69, 771),
	(69, 772),
	(69, 773),
	(70, 774),
	(70, 775),
	(70, 776),
	(70, 777),
	(70, 778),
	(70, 779),
	(70, 780),
	(70, 781),
	(70, 782),
	(70, 783),
	(70, 784),
	(70, 785),
	(70, 786),
	(70, 787),
	(70, 788),
	(70, 789),
	(70, 790),
	(70, 791),
	(70, 792),
	(70, 793),
	(70, 794),
	(70, 795),
	(71, 34),
	(71, 321),
	(71, 383),
	(71, 511),
	(71, 796),
	(71, 797),
	(71, 798),
	(71, 799),
	(71, 800),
	(71, 801),
	(71, 802),
	(71, 803),
	(71, 804),
	(71, 805),
	(71, 806),
	(71, 807),
	(71, 808),
	(71, 809),
	(71, 810),
	(71, 811),
	(71, 812),
	(71, 813),
	(72, 333),
	(72, 814),
	(72, 815),
	(72, 816),
	(72, 817),
	(72, 818),
	(72, 819),
	(72, 820),
	(72, 821),
	(72, 822),
	(72, 823),
	(72, 824),
	(72, 825),
	(72, 826),
	(72, 827),
	(72, 828),
	(72, 829),
	(72, 830),
	(72, 831),
	(72, 832),
	(72, 833),
	(72, 834),
	(72, 835),
	(72, 836),
	(72, 837),
	(72, 838),
	(72, 839),
	(72, 840),
	(72, 841),
	(72, 842),
	(72, 843),
	(72, 844),
	(72, 845),
	(72, 846),
	(73, 251),
	(73, 847),
	(73, 848),
	(73, 849),
	(73, 850),
	(73, 851),
	(73, 852),
	(73, 853),
	(73, 854),
	(73, 855),
	(73, 856),
	(73, 857),
	(73, 858),
	(73, 859),
	(73, 860),
	(73, 861),
	(73, 862),
	(73, 863),
	(73, 864),
	(73, 865),
	(73, 866),
	(73, 867),
	(73, 868),
	(74, 26),
	(74, 28),
	(74, 30),
	(75, 183),
	(75, 519),
	(75, 520),
	(75, 521),
	(75, 869),
	(75, 870),
	(75, 871),
	(75, 872),
	(75, 873),
	(75, 874),
	(75, 875),
	(75, 876),
	(75, 877),
	(75, 878),
	(75, 879),
	(75, 880),
	(75, 881),
	(75, 882),
	(75, 883),
	(75, 884),
	(75, 885),
	(75, 886),
	(75, 887),
	(75, 888),
	(75, 889),
	(75, 890),
	(75, 891),
	(75, 892),
	(75, 893),
	(75, 894),
	(75, 895),
	(77, 4),
	(77, 5),
	(77, 88),
	(77, 136),
	(77, 138),
	(77, 154),
	(77, 239),
	(77, 240),
	(77, 241),
	(77, 242),
	(77, 243),
	(77, 244),
	(77, 246),
	(77, 247),
	(77, 248),
	(77, 249),
	(77, 250),
	(77, 251),
	(77, 252),
	(77, 253),
	(77, 254),
	(77, 255),
	(78, 467),
	(78, 469),
	(79, 75),
	(79, 270),
	(79, 282),
	(79, 896),
	(79, 897),
	(79, 898),
	(79, 899),
	(79, 900),
	(79, 901),
	(79, 902),
	(79, 903),
	(79, 904),
	(79, 905),
	(79, 906),
	(79, 907),
	(79, 908),
	(79, 909),
	(79, 910),
	(79, 911),
	(79, 912),
	(79, 913),
	(79, 914),
	(79, 915),
	(79, 916),
	(79, 917),
	(79, 918),
	(79, 919),
	(79, 920),
	(79, 921),
	(79, 922),
	(79, 923),
	(79, 924),
	(80, 28),
	(80, 33),
	(80, 56),
	(80, 925),
	(80, 926),
	(80, 927),
	(80, 928),
	(80, 929),
	(80, 930),
	(80, 931),
	(81, 28),
	(81, 542),
	(81, 932),
	(82, 28),
	(82, 34),
	(82, 35),
	(83, 28),
	(83, 135),
	(83, 138),
	(83, 719),
	(83, 720),
	(83, 933),
	(83, 934),
	(83, 935),
	(83, 936),
	(83, 937),
	(83, 938),
	(83, 939),
	(83, 940),
	(83, 941),
	(83, 942),
	(83, 943),
	(83, 944),
	(83, 945),
	(83, 946),
	(83, 947),
	(83, 948),
	(83, 949),
	(83, 950),
	(83, 951),
	(84, 28),
	(84, 34),
	(84, 35),
	(84, 48),
	(84, 183),
	(84, 952),
	(84, 953),
	(84, 954),
	(84, 955),
	(84, 956),
	(84, 957),
	(84, 958),
	(84, 959),
	(84, 960),
	(84, 961),
	(84, 962),
	(84, 963),
	(84, 964),
	(85, 292),
	(85, 591),
	(85, 965),
	(85, 966),
	(85, 967),
	(85, 968),
	(85, 969),
	(85, 970),
	(85, 971),
	(85, 972),
	(85, 973),
	(86, 974),
	(86, 975),
	(86, 976),
	(87, 28),
	(87, 34),
	(87, 35),
	(89, 28),
	(89, 35),
	(89, 83),
	(90, 183),
	(90, 519),
	(90, 520),
	(90, 521),
	(90, 869),
	(90, 870),
	(90, 871),
	(90, 872),
	(90, 873),
	(90, 874),
	(90, 875),
	(90, 876),
	(90, 877),
	(90, 878),
	(90, 879),
	(90, 880),
	(90, 881),
	(90, 882),
	(90, 883),
	(90, 884),
	(90, 885),
	(90, 886),
	(90, 887),
	(90, 888),
	(90, 889),
	(90, 890),
	(90, 891),
	(90, 892),
	(90, 893),
	(90, 894),
	(90, 977),
	(90, 978),
	(90, 979),
	(91, 28),
	(91, 580),
	(91, 980),
	(93, 666),
	(93, 667),
	(93, 668),
	(93, 669),
	(93, 670),
	(93, 671),
	(93, 672),
	(93, 673),
	(93, 981),
	(93, 982),
	(93, 983),
	(93, 984),
	(94, 28),
	(94, 985),
	(94, 986),
	(94, 987),
	(95, 28),
	(95, 265),
	(95, 269),
	(95, 531),
	(95, 643),
	(95, 988),
	(95, 989),
	(95, 990),
	(95, 991),
	(95, 992),
	(95, 993),
	(95, 994),
	(95, 995),
	(95, 996),
	(95, 997),
	(95, 998),
	(95, 999),
	(95, 1000),
	(95, 1001),
	(95, 1002),
	(95, 1003),
	(95, 1004),
	(95, 1005),
	(95, 1006),
	(95, 1007),
	(95, 1008),
	(95, 1009),
	(95, 1010),
	(95, 1011),
	(95, 1012),
	(95, 1013),
	(95, 1014),
	(95, 1015),
	(95, 1016),
	(95, 1017),
	(95, 1018),
	(95, 1019),
	(95, 1020),
	(95, 1021),
	(95, 1022),
	(95, 1023),
	(95, 1024),
	(95, 1025),
	(95, 1026),
	(95, 1027),
	(96, 28),
	(96, 580),
	(96, 980),
	(97, 28),
	(97, 321),
	(97, 1028),
	(99, 1029),
	(100, 28),
	(100, 985),
	(100, 986),
	(100, 987),
	(100, 1030),
	(100, 1031),
	(100, 1032),
	(100, 1033),
	(100, 1034);

CREATE TABLE IF NOT EXISTS `tags` (
  `id` int(11) NOT NULL AUTO_INCREMENT,
  `name` varchar(255) NOT NULL,
  PRIMARY KEY (`id`),
  UNIQUE KEY `name` (`name`)
) ENGINE=InnoDB AUTO_INCREMENT=1035 DEFAULT CHARSET=utf8mb4 COLLATE=utf8mb4_general_ci;

INSERT INTO `tags` (`id`, `name`) VALUES
	(1, 'YG Entertainment'),
	(2, 'YG'),
	(3, '와이지'),
	(4, 'K-pop'),
	(5, 'BLACKPINK'),
	(6, '블랙핑크'),
	(7, '블핑'),
	(8, '로제'),
	(9, 'Rosé'),
	(10, 'BLINK'),
	(11, '블링크'),
	(12, 'bruno mars'),
	(13, 'APT.'),
	(14, 'apt'),
	(15, 'apartment game'),
	(16, 'meet me at the'),
	(17, 'meet me at the apt'),
	(18, 'bruno mars rose apt'),
	(19, 'rosesarerosie'),
	(20, 'rose apt'),
	(21, 'rose apt music video'),
	(22, 'rose apt video'),
	(23, 'rose bruno mars'),
	(24, 'rose bruno mars kiss'),
	(25, 'rose kiss'),
	(26, 'Lady Gaga'),
	(27, 'Interscope'),
	(28, 'Pop'),
	(29, 'Reneé Rapp'),
	(30, 'Interscope Records'),
	(31, 'Billie Eilish'),
	(32, 'Darkroom/Interscope Records'),
	(33, 'Alternative'),
	(34, 'Sabrina Carpenter'),
	(35, 'Island Records'),
	(36, 'lady gaga abracadabra'),
	(37, 'lady gaga abracadabra lg7'),
	(38, 'lady gaga abracadabra tradução'),
	(39, 'lady gaga brasil'),
	(40, 'lady gaga copacabana'),
	(41, 'abracadabra musica'),
	(42, 'lady gaga abracadabra legendado'),
	(43, 'レディー・ガガ'),
	(44, '레이디 가가'),
	(45, '女神卡卡'),
	(46, '嘎嘎小姐'),
	(47, 'abracadabra'),
	(48, '2025'),
	(49, 'mayhem'),
	(50, 'edsheeran'),
	(51, 'ed sheeran'),
	(52, 'acoustic'),
	(53, 'live'),
	(54, 'cover'),
	(55, 'official'),
	(56, 'remix'),
	(57, 'official video'),
	(58, 'lyrics'),
	(59, 'session'),
	(60, 'ed sheeran sapphire'),
	(61, 'ed sheeran india'),
	(62, 'sapphire'),
	(63, 'ed sheeran music video'),
	(64, 'ed sheeran video'),
	(65, 'ed sheeran play'),
	(66, 'ed sheeran sapphire lyrics'),
	(67, 'sapphire lyrics'),
	(68, 'sapphire music video'),
	(69, 'ed sheeran sapphire india'),
	(70, 'sapphire india'),
	(71, 'sapphire official music video'),
	(72, 'sapphire ed sheeran'),
	(73, 'ed sheeran official video'),
	(74, 'sapphire play'),
	(75, 'official music video'),
	(76, 'sapphire lyrics ed sheeran'),
	(77, 'arijit singh'),
	(78, 'yung kai'),
	(79, 'blue'),
	(80, 'tiktok viral'),
	(81, 'tik tok'),
	(82, 'wave to earth'),
	(83, 'keshi'),
	(84, 'beabadoobee'),
	(85, 'laufey'),
	(86, 'mxmtoon'),
	(87, 'w2e'),
	(88, 'kpop'),
	(89, 'yung kai blue'),
	(90, 'blue yung kai'),
	(91, 'kai blue'),
	(92, 'blue kai'),
	(93, 'wild flower'),
	(94, 'wildflower'),
	(95, 'yung kai wildflower'),
	(96, 'wildflower yung kai'),
	(97, 'blue official music video'),
	(98, 'blue music vide'),
	(99, 'blue audio'),
	(100, 'blue official audio'),
	(101, 'blue lyrics'),
	(102, 'Shaboozey'),
	(103, 'Bar'),
	(104, 'Song'),
	(105, '(Tipsy)'),
	(106, '[Official'),
	(107, 'Visualizer]'),
	(108, 'American'),
	(109, 'Dogwood'),
	(110, 'EMPIRE'),
	(111, 'Country'),
	(112, 'Bar Song'),
	(113, 'Bar Song (Tipsy)'),
	(114, 'Tipsy'),
	(115, 'Shaboozey Bar Song'),
	(116, 'Shaboozey Tipsy'),
	(117, 'Shaboozey 2024'),
	(118, 'Shaboozey new song'),
	(119, 'Shaboozey Bar Song (Tipsy) lyrics'),
	(120, 'Shaboozey Tipsy lyrics'),
	(121, 'Shaboozey Bar Song lyrics'),
	(122, 'Shaboozey music'),
	(123, 'Shaboozey music video'),
	(124, 'Bar Song (Tipsy) song'),
	(125, 'Bar Song song'),
	(126, 'Tipsy song'),
	(127, 'Bar Song (Tipsy) songs'),
	(128, 'Bar Song songs'),
	(129, 'Tipsy songs'),
	(130, 'Shaboozey video'),
	(131, 'Kendrick Lamar'),
	(132, 'Kendrick Lamar, under exclusive license to Interscope Records'),
	(133, 'Hip Hop'),
	(134, 'Lisa'),
	(135, 'Music'),
	(136, 'Fashion'),
	(137, 'LLoud'),
	(138, 'dance'),
	(139, 'dancing'),
	(140, 'lili'),
	(141, 'lilifilms'),
	(142, 'korea'),
	(143, 'Doja Cat'),
	(144, 'RAYE'),
	(145, 'Born Again LISA'),
	(146, 'Born Again Doja Cat'),
	(147, 'Born Again RAYE'),
	(148, 'LISA Doja Cat'),
	(149, 'If you tried just a little more hard'),
	(150, 'Made you a believer'),
	(151, 'Every single night'),
	(152, 'To be born again'),
	(153, 'lillies'),
	(154, 'blinks'),
	(155, 'ลิซ่า'),
	(156, 'เกิดใหม่'),
	(157, '다시 태어나다'),
	(158, 'แบล็กพิงก์'),
	(159, 'ลลาว'),
	(160, '라우드'),
	(161, 'ร็อกสตาร์'),
	(162, '락스타'),
	(163, 'เงิน'),
	(164, '머니'),
	(165, 'โดจา แคท'),
	(166, '도자 캣'),
	(167, 'เรย์'),
	(168, '레이'),
	(169, 'ผู้หญิงยุคใหม่'),
	(170, 'New Woman'),
	(171, 'Rockstar'),
	(172, 'Money'),
	(173, 'Alter Ego'),
	(174, 'LISA Alter Ego'),
	(175, 'dancehall'),
	(176, 'reggae'),
	(177, 'onerpm'),
	(178, 'audio'),
	(179, 'video'),
	(180, 'jamaica'),
	(181, 'reggae music'),
	(182, 'dancehall 2025 mix'),
	(183, 'new music'),
	(184, 'trop life'),
	(185, 'dancehall music'),
	(186, 'reggae 2025'),
	(187, 'trending'),
	(188, 'jamaican'),
	(189, 'caribbean music'),
	(190, 'trinidad and tobago'),
	(191, 'trap'),
	(192, 'best dancehall'),
	(193, 'trending music'),
	(194, 'YouTube music'),
	(195, 'lola young'),
	(196, 'lolayoung'),
	(197, '#lolayoung'),
	(198, 'lola young music'),
	(199, 'lola young video'),
	(200, 'messy'),
	(201, 'lola young messy'),
	(202, 'messy lola young'),
	(203, 'lola young lyrics'),
	(204, 'lola young messy lyrics'),
	(205, 'messy lyrics'),
	(206, 'messy lola young lyrics'),
	(207, 'lola young conceited'),
	(208, 'lola messy'),
	(209, 'messy lola'),
	(210, 'lola'),
	(211, 'flicker of light lola young'),
	(212, 'lola young wish you were dead'),
	(213, 'lola young don\'t hate me'),
	(214, 'lola young messi'),
	(215, 'messy song'),
	(216, 'i\'m too messy'),
	(217, 'cause i\'m too messy'),
	(218, 'i\'m too messy and then i\'m too clean'),
	(219, 'teddy swims'),
	(220, 'lose control'),
	(221, 'lose control live performance'),
	(222, 'teddy swims lose control'),
	(223, 'teddy swims lyrics'),
	(224, 'teddy'),
	(225, 'swims'),
	(226, 'lose'),
	(227, 'control'),
	(228, 'teddy swims lyric video'),
	(229, 'soul music'),
	(230, 'soul artist'),
	(231, 'teddy swims busking'),
	(232, 'teddy swims viral video'),
	(233, 'bad dreams'),
	(234, 'teddy bad dreams'),
	(235, 'teddy swims bad dreams'),
	(236, 'bad dreams release'),
	(237, 'good dreams'),
	(238, 'teddy swims nightmares'),
	(239, 'JENNIE'),
	(240, 'Jennie Kim'),
	(241, 'JENNIE MV'),
	(242, 'JENNIE Solo'),
	(243, 'ZEN'),
	(244, 'Ruby'),
	(245, 'JENNIE Ruby'),
	(246, 'Mantra'),
	(247, 'JENNIE Album'),
	(248, 'JENNIE New Music'),
	(249, 'JENNIE New Song'),
	(250, 'This That Pretty Girl Mantra'),
	(251, 'JENNIE Mantra'),
	(252, 'JENNIE from BLACKPINK'),
	(253, 'BLACKPINK JENNIE'),
	(254, 'OddAtelier'),
	(255, 'Odd Atelier'),
	(256, 'Love Hangover'),
	(257, 'Love Hangover Lyrics'),
	(258, 'JENNIE Lyrics'),
	(259, 'JENNIE Doechii'),
	(260, 'JENNIE ExtraL'),
	(261, 'JENNIE XL'),
	(262, 'Doechii XL'),
	(263, 'Do My Ladies Run This'),
	(264, 'Cole Bennet'),
	(265, 'Lyrical Lemonade'),
	(266, 'JENNIE Rap'),
	(267, 'JENNIE Rapping'),
	(268, 'Seattle music'),
	(269, 'Hiphop'),
	(270, 'rap'),
	(271, 'underground scene'),
	(272, 'independent artist'),
	(273, 'sunset'),
	(274, 'summertime'),
	(275, 'sun'),
	(276, 'Jwavy'),
	(277, 'maribased1'),
	(278, 'Seattle music is real'),
	(279, 'food'),
	(280, 'animals'),
	(281, 'cheep'),
	(282, 'music video'),
	(283, 'podcast'),
	(284, 'tv'),
	(285, 'west coast'),
	(286, 'east coast'),
	(287, 'northwest'),
	(288, 'dirty south'),
	(289, 'sports'),
	(290, 'travel'),
	(291, 'Facebook'),
	(292, 'TikTok'),
	(293, 'YouTube'),
	(294, 'reels'),
	(295, 'shorts'),
	(296, 'shortz'),
	(297, 'fights'),
	(298, 'shooting'),
	(299, 'march'),
	(300, 'cat'),
	(301, 'dog'),
	(302, 'animation'),
	(303, 'animated'),
	(304, 'amine'),
	(305, 'anime'),
	(306, 'power rangers'),
	(307, 'Pokémon'),
	(308, 'Manchild'),
	(309, 'Doechii'),
	(310, 'Top Dawg Entertainment/Capitol Records'),
	(311, 'Post Malone'),
	(312, 'Morgan Wallen'),
	(313, 'post malone morgan wallen'),
	(314, 'post malone had some help'),
	(315, 'had some help'),
	(316, 'had some help post malone'),
	(317, 'had some help morgan wallen'),
	(318, 'morgan wallen post malone'),
	(319, 'morgan wallen had some help'),
	(320, 'post malone morgan wallen had some help'),
	(321, 'Gracie Abrams'),
	(322, 'under exclusive license to Interscope Records'),
	(323, 'myles smith music'),
	(324, 'miles smith music'),
	(325, 'myles smith new song'),
	(326, 'miles smith new song'),
	(327, 'miles smith acoustic ep'),
	(328, 'myles smith acoustic ep'),
	(329, 'myles smith new music'),
	(330, 'miles smith new music'),
	(331, 'new acoustic music'),
	(332, 'myles smith'),
	(333, 'miles smith'),
	(334, 'myles smith stargazing'),
	(335, 'miles smith stargazing'),
	(336, 'myles smith stargazing video'),
	(337, 'miles smith stargazing video'),
	(338, 'myles smith star gazing video'),
	(339, 'miles smith star gazing video'),
	(340, 'myles smith star gazing'),
	(341, 'miles smith star gazing'),
	(342, 'stargazing video'),
	(343, 'stargazing'),
	(344, 'number one girl rose'),
	(345, 'rose number one girl'),
	(346, 'rosie'),
	(347, 'rosie number one girl'),
	(348, 'number one girl rosie'),
	(349, 'number one girl music video'),
	(350, 'rosie number one girl music video'),
	(351, 'rose number one girl music video'),
	(352, 'number one girl'),
	(353, 'number one girl video'),
	(354, 'rose album'),
	(355, 'rosie album'),
	(356, 'ROLE MODEL'),
	(357, 'Sally When The Wine Runs Out'),
	(358, 'ROLE MODEL Sally'),
	(359, 'Sally When The Wine Runs Out lyrics'),
	(360, 'ROLE MODEL new song'),
	(361, 'ROLE MODEL music video'),
	(362, 'ROLE MODEL official'),
	(363, 'ROLE MODEL Sally lyrics'),
	(364, 'Sally When The Wine Runs Out song'),
	(365, 'ROLE MODEL indie pop'),
	(366, 'ROLE MODEL songs'),
	(367, 'ROLE MODEL music'),
	(368, 'Sally When The Wine Runs Out audio'),
	(369, 'Sally When The Wine Runs Out official'),
	(370, 'ROLE MODEL Sally official'),
	(371, 'ROLE MODEL pop'),
	(372, 'Sally When The Wine Runs Out ROLE MODEL'),
	(373, 'ROLE MODEL track'),
	(374, 'rose blackpink album'),
	(375, 'rose blackpink'),
	(376, 'toxic till the end'),
	(377, 'toxic til the end'),
	(378, 'toxic till the end music video'),
	(379, 'rose toxic till the end'),
	(380, 'rose toxic til the end'),
	(381, 'rose toxic till the end video'),
	(382, 'rose toxic til the end music video'),
	(383, 'Chappell Roan'),
	(384, 'Chappell Roan PS/ Island'),
	(385, 'lalisa'),
	(386, 'lily'),
	(387, 'pop music'),
	(388, 'lloud lisa'),
	(389, 'latin music'),
	(390, 'rosalia'),
	(391, 'lisa and rosalia'),
	(392, 'ลลิษา'),
	(393, 'ลิลี่'),
	(394, 'ดอกลิลลี่'),
	(395, 'บลิ้ง'),
	(396, 'บลิ้งส์'),
	(397, 'เคป๊อป'),
	(398, 'ป๊อป'),
	(399, 'เพลงป๊อป'),
	(400, 'ลลาว ลิซ่า'),
	(401, 'เพลงละติน'),
	(402, 'โรซาเลีย'),
	(403, 'ลิซ่าและโรซาเลีย'),
	(404, '리사'),
	(405, '라리사'),
	(406, '릴리'),
	(407, '백합'),
	(408, '블링크들'),
	(409, '케이팝'),
	(410, '팝'),
	(411, '팝 음악'),
	(412, '라우드 리사'),
	(413, 'azizam'),
	(414, 'azizam ed sheeran'),
	(415, 'new ed sheeran song'),
	(416, 'ed sheeran azizam'),
	(417, 'play'),
	(418, 'ed sheeran new music'),
	(419, 'meet me on the floor tonight'),
	(420, 'azizam song'),
	(421, 'azizam single'),
	(422, 'azizam my love'),
	(423, 'azizam new song'),
	(424, 'azizam out now'),
	(425, 'azizam music video'),
	(426, 'azizam official video'),
	(427, 'azizam persian video'),
	(428, 'azizam persian music video'),
	(429, 'ed sheeran persian wedding'),
	(430, 'persian wedding'),
	(431, 'farsi'),
	(432, 'ed sheeran farsi'),
	(433, 'pj'),
	(434, 'pj music'),
	(435, 'pj singer'),
	(436, 'pj songwriter'),
	(437, 'justpeej'),
	(438, 'peej'),
	(439, 'paris jones'),
	(440, 'paris jones singer'),
	(441, 'WaitingForParisPJ'),
	(442, 'ParisJonesPJ'),
	(443, 'sombr'),
	(444, 'weak'),
	(445, 'caroline'),
	(446, 'willow'),
	(447, 'luke hemmings'),
	(448, 'nessa barrett'),
	(449, 'back to friends'),
	(450, 'can we go back to friends'),
	(451, 'do i ever cross your mind'),
	(452, 'makes me want you'),
	(453, 'alt'),
	(454, 'timothee chalamet'),
	(455, 'indie'),
	(456, 'moody'),
	(457, 'sombr music video'),
	(458, 'back to friends music video'),
	(459, 'back to friends official music video'),
	(460, 'jackson wang'),
	(461, 'team wang'),
	(462, '88rising'),
	(463, 'got7'),
	(464, 'mirrors'),
	(465, 'magic man'),
	(466, 'magicman2'),
	(467, 'The Weeknd'),
	(468, 'Anitta'),
	(469, 'XO Republic Records'),
	(470, 'são paulo the weeknd'),
	(471, 'anitta the weeknd'),
	(472, 'são paulo'),
	(473, 'anitta sao paulo'),
	(474, 'the weeknd são paulo'),
	(475, 'anitta the weeknd tradução'),
	(476, 'são paulo anitta the weeknd'),
	(477, 'anitta gravida'),
	(478, 'david guetta'),
	(479, 'one republic'),
	(480, 'ryan tedder'),
	(481, 'i dont wanna wait'),
	(482, 'david guetta songs'),
	(483, 'i dont wanna wait onerepublic'),
	(484, 'david guetta i dont wanna wait'),
	(485, 'ultra miami 2024'),
	(486, 'david guetta one republic'),
	(487, 'david guetta one republic i dont wanna wait'),
	(488, 'i dont wanna wait david guetta'),
	(489, 'david guetta live'),
	(490, 'umf 2024'),
	(491, 'i dont wanna wait by onerepublic'),
	(492, 'i dont wanna wait lyrics'),
	(493, 'i dont wanna wait live'),
	(494, 'i dont wanna wait ryan tedder'),
	(495, 'ultra music festival 2024 miami'),
	(496, 'David guetta 2024'),
	(497, 'David Guetta remix'),
	(498, 'Drake'),
	(499, 'OVO Sound'),
	(500, 'Hip-Hop'),
	(501, 'Sports car'),
	(502, 'Tate McRae'),
	(503, 'tate mcrae so close to what'),
	(504, 'tate mcrae sports car'),
	(505, 'tate mcrae kid laroi'),
	(506, 'tate mcrae hands'),
	(507, 'tate mcrae it’s ok i’m ok'),
	(508, 'tate mcrae you broke me first'),
	(509, 'dont want him anyway girl take him'),
	(510, 'tate mcrae greedy'),
	(511, 'would want myself'),
	(512, 'tate mcrae think later'),
	(513, 'just want your two hands on me at all times baby'),
	(514, 'miss possessive world tour'),
	(515, 'new tate mcrae music'),
	(516, 'tate mcrae 2025'),
	(517, 'giveon'),
	(518, 'like want you'),
	(519, 'new artist'),
	(520, 'epic'),
	(521, 'epic records'),
	(522, 'alicia fields'),
	(523, 'garden kisses'),
	(524, 'california'),
	(525, 'long beach'),
	(526, 'tempest'),
	(527, 'like want you video'),
	(528, 'giveon video'),
	(529, 'take time'),
	(530, 'new album'),
	(531, 'r&b'),
	(532, 'stuck on you'),
	(533, 'when it\'s all said and done'),
	(534, 'giveon lie again'),
	(535, 'lie again giveon'),
	(536, 'lie again'),
	(537, 'Heartbreak anniversary'),
	(538, 'Heartbreak anniversary giveon'),
	(539, 'Heartbreak giveon'),
	(540, 'Giveon heartbreak anniversary'),
	(541, 'Giveon lyrics'),
	(542, 'Justin Bieber'),
	(543, 'Justin Bieber giveon'),
	(544, 'Benson Boone'),
	(545, 'Slow It Down Official Music Video'),
	(546, 'Benson Boone Slow It Down'),
	(547, 'Benson Boone Slow It Down Official Music Video'),
	(548, 'Benson Boone lyrics'),
	(549, 'Slow It Down lyrics'),
	(550, 'Benson Boone Slow It Down lyrics'),
	(551, 'Fireworks & Rollerblades'),
	(552, 'Benson Boone Album'),
	(553, 'Album Benson Boone'),
	(554, 'Benson Boone Fireworks & Rollerblades'),
	(555, 'Fireworks & Rollerblades Benson Boone'),
	(556, 'Beautiful Things'),
	(557, 'slow it down'),
	(558, 'benson boone new song'),
	(559, 'slow it down benson boone'),
	(560, 'benson boone new music'),
	(561, 'new song'),
	(562, 'tate mcrea'),
	(563, 'tate mcrae young'),
	(564, 'Create with Tate'),
	(565, 'tatemcrea'),
	(566, 'i wrote a song'),
	(567, 'singing'),
	(568, 'singer'),
	(569, 'original song'),
	(570, 'top originals 2018'),
	(571, 'best songs of 2018'),
	(572, 'songwriter'),
	(573, 'hot vocals'),
	(574, 'songwriting'),
	(575, 'best youtube songs 2018'),
	(576, 'best songs'),
	(577, 'the ellen show'),
	(578, 'best originals'),
	(579, 'shawn mendes'),
	(580, 'ariana grande'),
	(581, 'new music 2018'),
	(582, 'best songs of the week'),
	(583, 'top songs of 2018'),
	(584, 'new songs of 2018'),
	(585, 'songs of the week'),
	(586, 'top 10 songs of the week'),
	(587, 'charlie puth'),
	(588, 'new songs may 2018'),
	(589, 'sean lew'),
	(590, 'june 2018'),
	(591, 'charli xcx'),
	(592, 'guess featuring billie eilish'),
	(593, 'guess feat. billie eilish'),
	(594, 'guess ft. billie eilish'),
	(595, 'charli xcx guess ft. billie eilish'),
	(596, 'charli ft. billie eilish'),
	(597, 'charli xcx ft. billie eilish'),
	(598, 'charli xcx guess featuring billie eilish'),
	(599, 'charli xcx guess'),
	(600, 'guess charli xcx'),
	(601, 'billie eilish guess'),
	(602, 'guess billie eilish'),
	(603, 'charli xcx billie eilish'),
	(604, 'billie eilish charli xcx'),
	(605, 'charli xcx - guess featuring billie eilish'),
	(606, 'guess featuring billie eilish - charli xcx'),
	(607, 'guess music video'),
	(608, 'alex warren'),
	(609, 'alex waarren'),
	(610, 'alex and kouvr'),
	(611, 'alex and kouvr proposal'),
	(612, 'alex and kouvr wedding'),
	(613, 'alex and kouvr married'),
	(614, 'tik tok music'),
	(615, 'tik tok viral'),
	(616, 'viral music'),
	(617, 'hits'),
	(618, 'pop hits'),
	(619, 'roy woods'),
	(620, 'roy'),
	(621, 'woods'),
	(622, 'ovo'),
	(623, 'october\'s very own'),
	(624, 'drama'),
	(625, 'down girl'),
	(626, 'majid jordan'),
	(627, 'dvsn'),
	(628, 'plaza'),
	(629, 'baka not nice'),
	(630, 'jealousy'),
	(631, 'toronto'),
	(632, 'worth it'),
	(633, 'rnb'),
	(634, 'Dark Nights'),
	(635, 'You'),
	(636, 'Maroon'),
	(637, '222 Records/Interscope Records'),
	(638, 'マルーン5'),
	(639, '마룬5'),
	(640, '魔力紅'),
	(641, '魔力红'),
	(642, 'priceless'),
	(643, 'Baby'),
	(644, 'you\'re priceless'),
	(645, 'anything like this'),
	(646, 'all wanna do'),
	(647, 'Dean Lewis'),
	(648, 'Universal Music Australia Pty. Ltd.'),
	(649, 'benson boone beautiful things'),
	(650, 'benson boones lyrics'),
	(651, 'benson boone coachella'),
	(652, 'benson boone mystical magical'),
	(653, 'mystical magical'),
	(654, 'mystical magical lyrics'),
	(655, 'benson boone mystical magical lyrics'),
	(656, 'mystical magical lyric video'),
	(657, 'benson boone mystical'),
	(658, 'benson boone new coachella song'),
	(659, 'revolving door'),
	(660, 'tate mcrae new album'),
	(661, 'so close to what tate mcrae'),
	(662, 'tayte mcray new album'),
	(663, 'revolving door official video'),
	(664, 'tate mcrae new video'),
	(665, '2025 tate mcrae music'),
	(666, 'Taylor swift'),
	(667, 'taylor'),
	(668, 'swift'),
	(669, 'taylor swift ttpd'),
	(670, 'tortured poets department'),
	(671, 'new taylor swift'),
	(672, 'taylor swift album'),
	(673, 'ttpd anthology'),
	(674, 'taylor swift fortnight'),
	(675, 'fortnite taylor swift'),
	(676, 'taylor swift fortnight music video'),
	(677, 'taylor swift fortnight postmalone'),
	(678, 'fortnight taylor swift post malone'),
	(679, 'fortnight taylor swift music video'),
	(680, 'fortnite music video'),
	(681, 'fortnite taylor swift post malone'),
	(682, 'taylor swift for a fortnight'),
	(683, 'taylor swift the tortured poets department'),
	(684, 'taylor fortnight'),
	(685, 'vexprincemoney'),
	(686, 'vexprincerwanda'),
	(687, 'vex'),
	(688, 'dortylattecha'),
	(689, 'vexprincedorty'),
	(690, 'd4vd'),
	(691, 'Feel'),
	(692, 'Darkroom/Interscope'),
	(693, 'Records'),
	(694, 'Born With Broken Heart'),
	(695, 'Damiano David'),
	(696, 'dirtyglovebastard'),
	(697, 'dirty glove bastard'),
	(698, 'dgb'),
	(699, 'dgb off the porch'),
	(700, 'dirty glove bastard off the porch'),
	(701, 'off the porch'),
	(702, 'live performance'),
	(703, 'Nelly Wap'),
	(704, 'Nelly Wap UpNext'),
	(705, 'Nelly Wap live performance'),
	(706, 'Nelly Wap off the porch'),
	(707, 'Nelly Wap off the porch live performance'),
	(708, 'Nelly Wap dirty glove bastard'),
	(709, 'off the porch live performance'),
	(710, 'dirty glove bastard live performance'),
	(711, 'DGB live performance'),
	(712, 'ExtraL'),
	(713, 'Like JENNIE'),
	(714, 'JENNIE new album'),
	(715, 'Ruby Album'),
	(716, 'JENNIE Handlebars'),
	(717, 'JENNIE Dua Lipa'),
	(718, 'JENNIE Dua'),
	(719, 'Future Nostalgia'),
	(720, 'Radical Optimism'),
	(721, 'trip and fall in love'),
	(722, 'indie pop'),
	(723, 'alt pop'),
	(724, 'indie pop 2025'),
	(725, 'alternative pop'),
	(726, 'male indie artists'),
	(727, 'indie pop music video'),
	(728, 'new indie music'),
	(729, 'underrated indie artists'),
	(730, 'indie pop vibes'),
	(731, 'bedroom pop'),
	(732, 'chill indie pop'),
	(733, 'late night drive songs'),
	(734, 'summer indie vibes'),
	(735, 'feel good indie music'),
	(736, 'songs like dominic fike'),
	(737, 'songs like role model'),
	(738, 'malcolm todd music'),
	(739, 'sombr music'),
	(740, 'junior varsity band'),
	(741, 'the 1975 vibes'),
	(742, 'aesthetic indie songs'),
	(743, 'viral indie pop'),
	(744, 'indie pop rising artist'),
	(745, 'alt pop playlist'),
	(746, 'Miley'),
	(747, 'Something Beautiful'),
	(748, 'Miley Something Beautiful'),
	(749, 'New Miley'),
	(750, 'Miley Cyrus Album'),
	(751, 'Something Beautiful Album'),
	(752, 'Miley Trailer'),
	(753, 'Miley Visuals'),
	(754, 'Miley Film'),
	(755, 'Miley Music Video'),
	(756, 'Used To Be Young'),
	(757, 'Endless Summer Vacation'),
	(758, 'Flowers'),
	(759, 'can buy myself flowers'),
	(760, 'River'),
	(761, 'Jaded'),
	(762, 'Plastic Hearts'),
	(763, 'She Is Coming'),
	(764, 'Younger Now'),
	(765, 'Miley Cyrus Her Dead Petz'),
	(766, 'Bangerz'),
	(767, 'Can’t Be Tamed'),
	(768, 'The Time Of Our Lives'),
	(769, 'Breakout'),
	(770, 'Meet Miley Cyrus'),
	(771, 'Hannah Montana'),
	(772, 'Wrecking Ball'),
	(773, 'We Can’t Stop'),
	(774, 'Ravyn Lenae'),
	(775, 'Raven Lenae'),
	(776, 'Rayvn Lenae'),
	(777, 'Ravyn Lenae Love Me Not'),
	(778, 'Love Me Not'),
	(779, 'Love Me Not Ravyn Lenae'),
	(780, 'Ravyn Lenae One Wish'),
	(781, 'Ravyn Lenae Genius'),
	(782, 'Birds Eye'),
	(783, 'Birds Eye Ravyn Lenae'),
	(784, 'Ravyn Lenae Birds Eye'),
	(785, 'Ravyn Lenae Concert'),
	(786, 'ravyn Lenae Live'),
	(787, 'Rayvn Lenae Sticky'),
	(788, 'Ravyn Lenae Skin Tight'),
	(789, 'Ravyn Lenae Moon Shoes'),
	(790, 'Ravyn Lenae AT&T Block Party'),
	(791, 'Ravyn Lenae Performance'),
	(792, 'I miss you come here'),
	(793, 'Ravyn Lenae Hypnos'),
	(794, 'Ravyn Lenae Doechii'),
	(795, 'Ravyn Lenae Steve Lacy'),
	(796, 'New Tate McRae'),
	(797, 'you can have him anyway'),
	(798, 'he so perfect'),
	(799, 'girl what version'),
	(800, 'THINK LATER Tate McRae'),
	(801, 'uh oh dance tate mcrae'),
	(802, 'exes tate mcrae'),
	(803, 'it is what it is and was what it was'),
	(804, 'greedy tate mcrae'),
	(805, 'baby dont get greedy'),
	(806, 'tubegirl'),
	(807, 'think later world tour'),
	(808, 'its ok im ok tate mcrae'),
	(809, 'tate mcrae its ok im ok official video'),
	(810, 'sean bankhead'),
	(811, 'olivia rodrigo'),
	(812, 'tate mcrae new music 2024'),
	(813, 'tate mcrae dancing'),
	(814, 'Myles Smiht'),
	(815, 'Mylse Smith'),
	(816, 'Myels Smith'),
	(817, 'Mtles Smith'),
	(818, 'Mules Smith'),
	(819, 'Mhles Smith'),
	(820, 'Mypes Smith'),
	(821, 'Mymes Smith'),
	(822, 'Mykes Smith'),
	(823, 'Mylee Smith'),
	(824, 'Mylea Smith'),
	(825, 'Myled Smith'),
	(826, 'Mylew Smith'),
	(827, 'Myles Snith'),
	(828, 'Myles Skith'),
	(829, 'Myles Sjith'),
	(830, 'Myles Smoth'),
	(831, 'Myles Smuth'),
	(832, 'Myles Smkth'),
	(833, 'Myles Smirh'),
	(834, 'Myles Smigh'),
	(835, 'Myles Smiyh'),
	(836, 'Myles Smitn'),
	(837, 'Myles Smitt'),
	(838, 'Myles Smitg'),
	(839, 'Myles Smitb'),
	(840, 'Miles Smiht'),
	(841, 'Milse Smith'),
	(842, 'Miels Smith'),
	(843, 'Moles Smith'),
	(844, 'Mkles Smith'),
	(845, 'Mipes Smith'),
	(846, 'Mimes Smith'),
	(847, 'Claudia Valentina'),
	(848, 'Claudia Valentina music'),
	(849, 'Claudia Valentina meovv demo'),
	(850, 'Claudia Valentina candy'),
	(851, 'Claudia Valentina lyrics'),
	(852, 'candy'),
	(853, 'girls to the yard'),
	(854, 'baddie tunes'),
	(855, 'femme fatale'),
	(856, 'my candy brings all the girls to the yard'),
	(857, 'kelis candy version'),
	(858, 'kelis milkshake'),
	(859, 'TikTok candy milkshake'),
	(860, 'seven Claudia Valentina'),
	(861, 'baddie playlist pop'),
	(862, 'meovv'),
	(863, 'drop top'),
	(864, 'quad'),
	(865, 'my milkshake brings all the boys to the yard'),
	(866, 'kelis'),
	(867, 'kelis milkshake lyrics'),
	(868, 'Pharrell williams'),
	(869, 'tyla'),
	(870, 'getting late'),
	(871, 'tyla to last'),
	(872, 'to last tyla'),
	(873, 'to last'),
	(874, 'last'),
	(875, 'kooldrink'),
	(876, 'fax records'),
	(877, 'electronic'),
	(878, 'electronic music'),
	(879, 'dance music'),
	(880, 'dj lag'),
	(881, 'overdue'),
	(882, 'tyla been thinking'),
	(883, 'been thinking tyla'),
	(884, 'been thinking'),
	(885, 'ayra starr'),
	(886, 'ayra starr tyla'),
	(887, 'tyla ayra starr girl next door'),
	(888, 'girl next door'),
	(889, 'tyla girl next door'),
	(890, 'ayra starr girl next door'),
	(891, 'girl next door tyla ayra starr'),
	(892, 'water'),
	(893, 'tyla water'),
	(894, 'water tyla'),
	(895, 'push start'),
	(896, 'revenge xxxtentacion'),
	(897, 'revenge'),
	(898, 'jpegmafia'),
	(899, 'jpegmafia type beat'),
	(900, 'xxxtentacion type beat'),
	(901, 'xxxtentacion songs'),
	(902, 'alternative rock'),
	(903, 'anime edits'),
	(904, 'childish gambino'),
	(905, 'music videos 2025'),
	(906, 'music videos rap'),
	(907, 'japanese rap music'),
	(908, 'japanese rapper'),
	(909, 'kanye west'),
	(910, 'tyler the creator'),
	(911, 'nujabes'),
	(912, 'mf doom'),
	(913, 'mf doom type beat'),
	(914, 'jid'),
	(915, 'jid type beat'),
	(916, 'insane'),
	(917, 'insaneshinobi'),
	(918, 'shinobi'),
	(919, 'ninja turtles'),
	(920, 'denzel curry'),
	(921, 'denzel curry type beat'),
	(922, 'andre 3000'),
	(923, 'andre 3000 type beat'),
	(924, 'outkast'),
	(925, 'Imagine Dragons'),
	(926, 'Take Me To The Beach'),
	(927, 'LOOM'),
	(928, 'Ado'),
	(929, 'Japanese Artist'),
	(930, 'Rock'),
	(931, 'J-Pop'),
	(932, 'Justin Bieber 2021 PS/ Def Jam'),
	(933, 'dua lipa'),
	(934, 'dua'),
	(935, 'new rules'),
	(936, 'dua leepa'),
	(937, 'idgaf'),
	(938, 'scared to be lonely'),
	(939, 'be the one'),
	(940, 'don\'t start now'),
	(941, 'let\'s get physical'),
	(942, 'break my heart'),
	(943, 'training season'),
	(944, 'houdini'),
	(945, 'chart music'),
	(946, 'illusion'),
	(947, 'dula peep'),
	(948, 'DL3'),
	(949, 'DL2'),
	(950, 'choreo'),
	(951, 'dua lipa dancing'),
	(952, 'busy woman'),
	(953, 'new sabrina'),
	(954, 'sabrina deluxe'),
	(955, 'espresso'),
	(956, 'please please please'),
	(957, 'taste'),
	(958, 'short'),
	(959, 'sweet'),
	(960, 'busy'),
	(961, 'woman'),
	(962, 'if you need my love'),
	(963, 'be my perfect mrs'),
	(964, 'coming over to your place'),
	(965, 'Addison Rae New Song'),
	(966, 'Addison Rae New Music'),
	(967, 'AddisonRe'),
	(968, 'Viral'),
	(969, 'die'),
	(970, 'Brat'),
	(971, 'Music Video Pop'),
	(972, 'Addison Rae'),
	(973, 'Diet Pepsi'),
	(974, 'Ryan Collins'),
	(975, 'iDreamology'),
	(976, 'Hip Hop/Rap'),
	(977, 'tyla bliss'),
	(978, 'DYNAMITE'),
	(979, 'Tyla Wizkid'),
	(980, 'Republic Records'),
	(981, 'ts ttpd'),
	(982, 'taylor swift tortured poets department'),
	(983, 'taylor swift lyrics'),
	(984, 'the tortured poets department'),
	(985, 'Selena Gomez'),
	(986, 'benny blanco'),
	(987, 'SMG Music LLC Friends Keep Secrets under exclusive license to Interscope Records'),
	(988, 'justin'),
	(989, 'bieber'),
	(990, 'justinbieber'),
	(991, 'purpose'),
	(992, 'myworld'),
	(993, 'journals'),
	(994, 'yummy'),
	(995, 'believe'),
	(996, 'never say never'),
	(997, 'under the mistletoe'),
	(998, '10000 hours'),
	(999, 'i dont care'),
	(1000, 'sorry'),
	(1001, 'love yourself'),
	(1002, 'let me love you'),
	(1003, 'im the one'),
	(1004, 'no brainer'),
	(1005, 'cold water'),
	(1006, 'beauty and a beat'),
	(1007, 'what do you mean'),
	(1008, 'as long as you love me'),
	(1009, 'boyfriend'),
	(1010, 'justice'),
	(1011, 'hold on'),
	(1012, 'peaches'),
	(1013, 'anyone'),
	(1014, 'stuck with u'),
	(1015, 'freedom'),
	(1016, 'swag'),
	(1017, 'yukon'),
	(1018, 'daisies'),
	(1019, 'cole'),
	(1020, 'cole bennett'),
	(1021, 'hailey'),
	(1022, 'hailey bieber'),
	(1023, 'biebs'),
	(1024, 'walking away'),
	(1025, 'go baby'),
	(1026, 'slide'),
	(1027, 'slide city'),
	(1028, 'Gracie Abrams, under exclusive license to Interscope Records'),
	(1029, 'Sean Paul'),
	(1030, 'How Does It Feel To Be Forgotten'),
	(1031, 'Said Love You First'),
	(1032, 'New Selena Music'),
	(1033, 'New Selena Album'),
	(1034, 'Selena and benny');

CREATE TABLE IF NOT EXISTS `thumbnails` (
  `id` int(11) NOT NULL AUTO_INCREMENT,
  `url` varchar(500) NOT NULL,
  PRIMARY KEY (`id`)
) ENGINE=InnoDB AUTO_INCREMENT=101 DEFAULT CHARSET=utf8mb4 COLLATE=utf8mb4_general_ci;

INSERT INTO `thumbnails` (`id`, `url`) VALUES
	(1, 'https://i.ytimg.com/vi_webp/ekr2nIex040/maxresdefault.webp'),
	(2, 'https://i.ytimg.com/vi/kPa7bsKwL-c/maxresdefault.jpg'),
	(3, 'https://i.ytimg.com/vi/tiPWzFLiz4A/maxresdefault.jpg'),
	(4, 'https://i.ytimg.com/vi/V9PVRfjEBTI/maxresdefault.jpg'),
	(5, 'https://i.ytimg.com/vi/xkWQM3flsiY/maxresdefault.jpg'),
	(6, 'https://i.ytimg.com/vi/eVli-tstM5E/maxresdefault.jpg'),
	(7, 'https://i.ytimg.com/vi/vBynw9Isr28/maxresdefault.jpg'),
	(8, 'https://i.ytimg.com/vi_webp/JgDNFQ2RaLQ/maxresdefault.webp'),
	(9, 'https://i.ytimg.com/vi_webp/IpFX2vq8HKw/maxresdefault.webp'),
	(10, 'https://i.ytimg.com/vi/IWKyykQBRKo/maxresdefault.jpg'),
	(11, 'https://i.ytimg.com/vi/PDcDcSTiL4g/maxresdefault.jpg'),
	(12, 'https://i.ytimg.com/vi_webp/u2ah9tWTkmk/maxresdefault.webp'),
	(13, 'https://i.ytimg.com/vi/HfWLgELllZs/maxresdefault.jpg'),
	(14, 'https://i.ytimg.com/vi/t7bQwwqW-Hc/maxresdefault.jpg'),
	(15, 'https://i.ytimg.com/vi/H58vbez_m4E/maxresdefault.jpg'),
	(16, 'https://i.ytimg.com/vi/kbEC-AGr9n0/maxresdefault.jpg'),
	(17, 'https://i.ytimg.com/vi/5rkMCX-1xqE/maxresdefault.jpg'),
	(18, 'https://i.ytimg.com/vi/k-k2_Liofy8/maxresdefault.jpg'),
	(19, 'https://i.ytimg.com/vi_webp/Qh8QwVYOSVU/maxresdefault.webp'),
	(20, 'https://i.ytimg.com/vi/eWAdpUyzCkI/maxresdefault.jpg'),
	(21, 'https://i.ytimg.com/vi/cF1Na4AIecM/maxresdefault.jpg'),
	(22, 'https://i.ytimg.com/vi/LfQAyH-ISnU/sddefault.jpg?sqp=-oaymwEmCIAFEOAD8quKqQMa8AEB-AH-CYAC0AWKAgwIABABGH8gXCgmMA8=&rs=AOn4CLCGimp6iXs0M7lxfCxONbfPNK14Cw'),
	(23, 'https://i.ytimg.com/vi_webp/bUX8MDNQda4/maxresdefault.webp'),
	(24, 'https://i.ytimg.com/vi/aSugSGCC12I/maxresdefault.jpg'),
	(25, 'https://i.ytimg.com/vi/riCP9x31Kuk/maxresdefault.jpg'),
	(26, 'https://i.ytimg.com/vi/95dB-ObZ7Ho/maxresdefault.jpg'),
	(27, 'https://i.ytimg.com/vi_webp/dtJg6bjrUuo/maxresdefault.webp'),
	(28, 'https://i.ytimg.com/vi/BY_XwvKogC8/maxresdefault.jpg'),
	(29, 'https://i.ytimg.com/vi/KEG7b851Ric/maxresdefault.jpg'),
	(30, 'https://i.ytimg.com/vi/4QIZE708gJ4/maxresdefault.jpg'),
	(31, 'https://i.ytimg.com/vi/BDHM8cyJQa8/maxresdefault.jpg'),
	(32, 'https://i.ytimg.com/vi/c4Zxc2gqfo8/sddefault.jpg'),
	(33, 'https://i.ytimg.com/vi_webp/qVqFuokjRMc/maxresdefault.webp'),
	(34, 'https://i.ytimg.com/vi_webp/9p9EauIOPm8/maxresdefault.webp'),
	(35, 'https://i.ytimg.com/vi_webp/pZ1NdE69VTs/maxresdefault.webp'),
	(36, 'https://i.ytimg.com/vi_webp/fuV4yQWdn_4/maxresdefault.webp'),
	(37, 'https://i.ytimg.com/vi/F1oKhsy8wGw/maxresdefault.jpg'),
	(38, 'https://i.ytimg.com/vi/eA0lHNZ1KCA/maxresdefault.jpg'),
	(39, 'https://i.ytimg.com/vi/1RKqOmSkGgM/maxresdefault.jpg'),
	(40, 'https://i.ytimg.com/vi_webp/UxXY_hR_wzo/maxresdefault.webp'),
	(41, 'https://i.ytimg.com/vi_webp/MI9ZpIKgyf0/maxresdefault.webp'),
	(42, 'https://i.ytimg.com/vi/e2QaeKp8Lqo/sddefault.jpg?sqp=-oaymwEmCIAFEOAD8quKqQMa8AEB-AH-CYAC0AWKAgwIABABGGUgZShlMA8=&rs=AOn4CLAZAYXfcq94DYSOs9KOHiVQkXc62Q'),
	(43, 'https://i.ytimg.com/vi_webp/c8zq4kAn_O0/maxresdefault.webp'),
	(44, 'https://i.ytimg.com/vi/vz-_ZtUh8P4/maxresdefault.jpg'),
	(45, 'https://i.ytimg.com/vi/S2fSojJqyNY/maxresdefault.jpg'),
	(46, 'https://i.ytimg.com/vi/2kjolTLZ_Mg/maxresdefault.jpg'),
	(47, 'https://i.ytimg.com/vi/tYo5aRDtjDs/maxresdefault.jpg'),
	(48, 'https://i.ytimg.com/vi_webp/dSDbwfXX5_I/maxresdefault.webp'),
	(49, 'https://i.ytimg.com/vi/8ekJMC8OtGU/maxresdefault.jpg'),
	(50, 'https://i.ytimg.com/vi/bn8gP5N8hqM/maxresdefault.jpg'),
	(51, 'https://i.ytimg.com/vi/7InTkBxPtK4/maxresdefault.jpg'),
	(52, 'https://i.ytimg.com/vi/Yd1smtHpxaY/maxresdefault.jpg'),
	(53, 'https://i.ytimg.com/vi_webp/f4Y3b7un4LE/maxresdefault.webp'),
	(54, 'https://i.ytimg.com/vi/dpvQqmX6SUI/maxresdefault.jpg'),
	(55, 'https://i.ytimg.com/vi_webp/huGd4efgdPA/maxresdefault.webp'),
	(56, 'https://i.ytimg.com/vi/d4iGZ_jP-1U/maxresdefault.jpg'),
	(57, 'https://i.ytimg.com/vi/gbyvssp6vHQ/sddefault.jpg?v=6835c5db'),
	(58, 'https://i.ytimg.com/vi/vaGf8fmtBr4/maxresdefault.jpg'),
	(59, 'https://i.ytimg.com/vi/GurljGjfrVs/maxresdefault.jpg'),
	(60, 'https://i.ytimg.com/vi_webp/U8QhB8_0t2g/maxresdefault.webp'),
	(61, 'https://i.ytimg.com/vi/rwlFWWGaZ5Y/maxresdefault.jpg'),
	(62, 'https://i.ytimg.com/vi/q3zqJs7JUCQ/maxresdefault.jpg'),
	(63, 'https://i.ytimg.com/vi/NArjrbHye2U/maxresdefault.jpg'),
	(64, 'https://i.ytimg.com/vi/vZi8ET9k11g/maxresdefault.jpg'),
	(65, 'https://i.ytimg.com/vi/Z4-g8UXa944/maxresdefault.jpg'),
	(66, 'https://i.ytimg.com/vi/LAhwxJKLw-I/maxresdefault.jpg'),
	(67, 'https://i.ytimg.com/vi/seARsMwjbEU/maxresdefault.jpg'),
	(68, 'https://i.ytimg.com/vi/qtd280iQmNo/maxresdefault.jpg'),
	(69, 'https://i.ytimg.com/vi/CXBFU97X61I/maxresdefault.jpg'),
	(70, 'https://i.ytimg.com/vi/cswfR85D7jM/sddefault.jpg?v=6633f232'),
	(71, 'https://i.ytimg.com/vi/Bpaf6Dm9iRc/maxresdefault.jpg'),
	(72, 'https://i.ytimg.com/vi/9VbDkDALT7w/maxresdefault.jpg'),
	(73, 'https://i.ytimg.com/vi/XUd0xmK7fvY/maxresdefault.jpg'),
	(74, 'https://i.ytimg.com/vi/fmC6b6_ovZY/maxresdefault.jpg'),
	(75, 'https://i.ytimg.com/vi/uLK2r3sG4lE/maxresdefault.jpg'),
	(76, 'https://i.ytimg.com/vi_webp/pSeaHfkd3M8/maxresdefault.webp'),
	(77, 'https://i.ytimg.com/vi/bB3-CUMERIU/maxresdefault.jpg'),
	(78, 'https://i.ytimg.com/vi/Bn-3ICGjz0U/maxresdefault.jpg'),
	(79, 'https://i.ytimg.com/vi_webp/-o-naEnzgp4/maxresdefault.webp'),
	(80, 'https://i.ytimg.com/vi/5Duje_sZko8/maxresdefault.jpg'),
	(81, 'https://i.ytimg.com/vi_webp/msGuqelopMA/maxresdefault.webp'),
	(82, 'https://i.ytimg.com/vi_webp/x8VkB8ap_FQ/maxresdefault.webp'),
	(83, 'https://i.ytimg.com/vi_webp/a9cyG_yfh1k/maxresdefault.webp'),
	(84, 'https://i.ytimg.com/vi/3m6NBnqLc-g/maxresdefault.jpg'),
	(85, 'https://i.ytimg.com/vi/Hki6RqI-eMA/maxresdefault.jpg'),
	(86, 'https://i.ytimg.com/vi/axhYeY8zG70/maxresdefault.jpg'),
	(87, 'https://i.ytimg.com/vi_webp/1aMCVgRKcP4/maxresdefault.webp'),
	(88, 'https://i.ytimg.com/vi_webp/_AfmgOpoCHI/maxresdefault.webp'),
	(89, 'https://i.ytimg.com/vi/4Lmcadu8ghM/maxresdefault.jpg'),
	(90, 'https://i.ytimg.com/vi/CQIYbytAyVQ/maxresdefault.jpg'),
	(91, 'https://i.ytimg.com/vi/ztotaQ79eek/maxresdefault.jpg'),
	(92, 'https://i.ytimg.com/vi/I44iglOjrBI/maxresdefault.jpg'),
	(93, 'https://i.ytimg.com/vi_webp/OOYlWF6V8t8/maxresdefault.webp'),
	(94, 'https://i.ytimg.com/vi/nJG5CWsne8E/maxresdefault.jpg'),
	(95, 'https://i.ytimg.com/vi_webp/fXivMSJm_kA/maxresdefault.webp'),
	(96, 'https://i.ytimg.com/vi/x1XIJM6spaE/maxresdefault.jpg'),
	(97, 'https://i.ytimg.com/vi/uxjhN_Donfw/maxresdefault.jpg'),
	(98, 'https://i.ytimg.com/vi_webp/I-gmbHgeN1I/maxresdefault.webp'),
	(99, 'https://i.ytimg.com/vi_webp/nkRyAVQdqAA/maxresdefault.webp'),
	(100, 'https://i.ytimg.com/vi/4LcNr0T2yAA/maxresdefault.jpg');

/*!40103 SET TIME_ZONE=IFNULL(@OLD_TIME_ZONE, 'system') */;
/*!40101 SET SQL_MODE=IFNULL(@OLD_SQL_MODE, '') */;
/*!40014 SET FOREIGN_KEY_CHECKS=IFNULL(@OLD_FOREIGN_KEY_CHECKS, 1) */;
/*!40101 SET CHARACTER_SET_CLIENT=@OLD_CHARACTER_SET_CLIENT */;
/*!40111 SET SQL_NOTES=IFNULL(@OLD_SQL_NOTES, 1) */;
